Day,Hour,Petitions
0,0,1984
0,1,2031
0,2,1948
0,3,2013
0,4,2049
0,5,1954
0,6,1974
0,7,1991
0,8,2014
0,9,1972
0,10,1994
0,11,1957
0,12,2012
0,13,2014
0,14,1974
0,15,2024
0,16,1940
0,17,1967
0,18,7950
0,19,8012
0,20,8181
0,21,8025
0,22,1927
0,23,1892
1,0,1986
1,1,2048
1,2,1971
1,3,1945
1,4,2038
1,5,2027
1,6,2037
1,7,1982
1,8,2056
1,9,1978
1,10,1975
1,11,2031
1,12,2063
1,13,1939
1,14,2036
1,15,2037
1,16,2003
1,17,1975
1,18,8142
1,19,7977
1,20,7925
1,21,7944
1,22,2083
1,23,2017
2,0,2043
2,1,2065
2,2,2044
2,3,1976
2,4,1962
2,5,2046
2,6,1989
2,7,1939
2,8,2093
2,9,2002
2,10,1982
2,11,2121
2,12,2000
2,13,1971
2,14,2014
2,15,1900
2,16,2071
2,17,1946
2,18,8045
2,19,7928
2,20,7966
2,21,8034
2,22,1928
2,23,1976
3,0,2023
3,1,2001
3,2,2019
3,3,2025
3,4,2088
3,5,1979
3,6,2080
3,7,1967
3,8,2046
3,9,2004
3,10,1929
3,11,2068
3,12,1979
3,13,2030
3,14,2063
3,15,2018
3,16,1950
3,17,2014
3,18,7866
3,19,8012
3,20,8039
3,21,8056
3,22,1977
3,23,2019
4,0,2020
4,1,1930
4,2,1968
4,3,2065
4,4,2042
4,5,2010
4,6,1957
4,7,1971
4,8,2019
4,9,2074
4,10,1991
4,11,1973
4,12,2053
4,13,1951
4,14,2088
4,15,2009
4,16,1945
4,17,2060
4,18,8052
4,19,7964
4,20,8088
4,21,8114
4,22,2001
4,23,2042
5,0,2027
5,1,2064
5,2,1984
5,3,2010
5,4,1996
5,5,1971
5,6,1861
5,7,2047
5,8,1941
5,9,2037
5,10,2016
5,11,1901
5,12,2005
5,13,2002
5,14,2042
5,15,1992
5,16,2050
5,17,1988
5,18,7897
5,19,8012
5,20,8042
5,21,8014
5,22,1990
5,23,1981
6,0,1893
6,1,2054
6,2,1997
6,3,1999
6,4,1952
6,5,1987
6,6,2017
6,7,1984
6,8,2000
6,9,2021
6,10,1917
6,11,2091
6,12,1986
6,13,1995
6,14,2092
6,15,1957
6,16,1932
6,17,1930
6,18,7835
6,19,8103
6,20,8090
6,21,7877
6,22,2017
6,23,2032
7,0,1971
7,1,2034
7,2,1983
7,3,1979
7,4,2055
7,5,2034
7,6,1933
7,7,2001
7,8,1976
7,9,1986
7,10,2070
7,11,1976
7,12,2102
7,13,2017
7,14,1972
7,15,2023
7,16,2041
7,17,1928
7,18,7814
7,19,7985
7,20,7961
7,21,7891
7,22,2015
7,23,1925
8,0,1919
8,1,2027
8,2,1984
8,3,1984
8,4,2038
8,5,1990
8,6,1936
8,7,1906
8,8,1938
8,9,2033
8,10,2120
8,11,1971
8,12,1919
8,13,2017
8,14,1994
8,15,2011
8,16,1893
8,17,1994
8,18,7940
8,19,7991
8,20,8021
8,21,8052
8,22,1975
8,23,2024
9,0,2072
9,1,2101
9,2,2014
9,3,2085
9,4,1892
9,5,1984
9,6,2012
9,7,2050
9,8,1989
9,9,2053
9,10,1994
9,11,2107
9,12,1962
9,13,2015
9,14,1937
9,15,2002
9,16,2002
9,17,2006
9,18,8120
9,19,7886
9,20,8070
9,21,8054
9,22,1944
9,23,1981
10,0,1986
10,1,2069
10,2,2002
10,3,1987
10,4,1999
10,5,1995
10,6,1999
10,7,2017
10,8,1921
10,9,1941
10,10,1944
10,11,1954
10,12,2067
10,13,2022
10,14,1956
10,15,1951
10,16,1953
10,17,1939
10,18,7917
10,19,8001
10,20,8033
10,21,8118
10,22,1910
10,23,2044
11,0,1954
11,1,1983
11,2,2015
11,3,1995
11,4,1877
11,5,2028
11,6,2001
11,7,1935
11,8,2004
11,9,1969
11,10,1959
11,11,1939
11,12,2012
11,13,2041
11,14,1926
11,15,2011
11,16,1991
11,17,1971
11,18,8038
11,19,8027
11,20,7866
11,21,7931
11,22,1955
11,23,1952
12,0,1923
12,1,1988
12,2,1936
12,3,2046
12,4,1952
12,5,2083
12,6,2009
12,7,2037
12,8,1977
12,9,2001
12,10,1937
12,11,1972
12,12,1948
12,13,2004
12,14,1979
12,15,1977
12,16,1967
12,17,2036
12,18,7993
12,19,7961
12,20,7881
12,21,8179
12,22,1914
12,23,2009
13,0,1945
13,1,1958
13,2,1950
13,3,2022
13,4,1982
13,5,1986
13,6,1992
13,7,1995
13,8,2034
13,9,1963
13,10,1985
13,11,2070
13,12,1938
13,13,2016
13,14,1944
13,15,2015
13,16,2065
13,17,1947
13,18,7931
13,19,8072
13,20,7959
13,21,7872
13,22,1941
13,23,2042
14,0,1962
14,1,2029
14,2,2026
14,3,1966
14,4,1954
14,5,2011
14,6,1995
14,7,1948
14,8,2001
14,9,2085
14,10,2026
14,11,2027
14,12,2010
14,13,1990
14,14,2086
14,15,1994
14,16,1940
14,17,2058
14,18,8023
14,19,7808
14,20,8086
14,21,7957
14,22,2005
14,23,1980
15,0,2032
15,1,1962
15,2,1945
15,3,2000
15,4,2074
15,5,2010
15,6,1947
15,7,2000
15,8,1915
15,9,1959
15,10,1958
15,11,2008
15,12,2038
15,13,2003
15,14,1987
15,15,1948
15,16,1984
15,17,2019
15,18,8057
15,19,7926
15,20,8085
15,21,8040
15,22,1932
15,23,2030
16,0,2048
16,1,2022
16,2,1972
16,3,1959
16,4,1954
16,5,1990
16,6,2046
16,7,1967
16,8,2011
16,9,2016
16,10,2007
16,11,1973
16,12,2036
16,13,2058
16,14,2066
16,15,1990
16,16,1969
16,17,2017
16,18,7889
16,19,7904
16,20,7877
16,21,7939
16,22,2020
16,23,1959
17,0,1944
17,1,2059
17,2,2013
17,3,1953
17,4,1990
17,5,2002
17,6,1951
17,7,1924
17,8,1965
17,9,1972
17,10,2029
17,11,2008
17,12,2021
17,13,2031
17,14,2012
17,15,1999
17,16,1978
17,17,1935
17,18,8061
17,19,8049
17,20,7931
17,21,8085
17,22,1969
17,23,1982
18,0,2076
18,1,2101
18,2,1955
18,3,2059
18,4,2044
18,5,2025
18,6,1966
18,7,2095
18,8,2027
18,9,1954
18,10,2075
18,11,2026
18,12,2079
18,13,2095
18,14,2056
18,15,1976
18,16,1963
18,17,1921
18,18,7958
18,19,7827
18,20,8010
18,21,7952
18,22,2063
18,23,1963
19,0,2058
19,1,2059
19,2,2090
19,3,2037
19,4,1997
19,5,2037
19,6,1990
19,7,1964
19,8,1981
19,9,1973
19,10,1887
19,11,1985
19,12,2040
19,13,1989
19,14,2095
19,15,2014
19,16,2093
19,17,2014
19,18,7926
19,19,7922
19,20,8078
19,21,8124
19,22,1987
19,23,2026
20,0,2045
20,1,1962
20,2,2012
20,3,1929
20,4,1968
20,5,2056
20,6,2020
20,7,1926
20,8,1984
20,9,2030
20,10,1923
20,11,2024
20,12,2053
20,13,1997
20,14,2047
20,15,2023
20,16,1969
20,17,2042
20,18,8106
20,19,8055
20,20,8052
20,21,8030
20,22,1949
20,23,2058
21,0,2047
21,1,1978
21,2,1950
21,3,2049
21,4,2015
21,5,2017
21,6,2017
21,7,2039
21,8,2036
21,9,2122
21,10,2017
21,11,1933
21,12,2025
21,13,1974
21,14,1915
21,15,1980
21,16,2034
21,17,2035
21,18,7997
21,19,8048
21,20,7981
21,21,7901
21,22,2026
21,23,1924
22,0,2020
22,1,2102
22,2,1991
22,3,1990
22,4,1987
22,5,2066
22,6,1960
22,7,2020
22,8,2056
22,9,2135
22,10,2058
22,11,2037
22,12,2036
22,13,1942
22,14,2077
22,15,2042
22,16,1938
22,17,2024
22,18,7915
22,19,7825
22,20,7938
22,21,7950
22,22,1986
22,23,2013
23,0,2026
23,1,2039
23,2,1997
23,3,1945
23,4,2015
23,5,2007
23,6,1977
23,7,1927
23,8,1869
23,9,1987
23,10,2009
23,11,2043
23,12,1951
23,13,2018
23,14,1901
23,15,2028
23,16,2029
23,17,1979
23,18,7846
23,19,8012
23,20,7988
23,21,8007
23,22,1924
23,23,1965
24,0,2058
24,1,1954
24,2,2021
24,3,2007
24,4,1957
24,5,1918
24,6,1967
24,7,2057
24,8,2033
24,9,1980
24,10,2057
24,11,1992
24,12,1998
24,13,2068
24,14,1970
24,15,2073
24,16,2016
24,17,2031
24,18,8057
24,19,7907
24,20,8108
24,21,7931
24,22,1993
24,23,1982
25,0,1950
25,1,2020
25,2,2038
25,3,1964
25,4,1951
25,5,1979
25,6,1991
25,7,2015
25,8,1951
25,9,2021
25,10,2051
25,11,2011
25,12,1958
25,13,1969
25,14,2004
25,15,1882
25,16,1994
25,17,1976
25,18,7773
25,19,8036
25,20,7989
25,21,7997
25,22,1945
25,23,1975
26,0,1958
26,1,2140
26,2,2023
26,3,2057
26,4,2025
26,5,2095
26,6,2000
26,7,2058
26,8,2025
26,9,1960
26,10,1986
26,11,1935
26,12,2058
26,13,2008
26,14,2060
26,15,1977
26,16,2044
26,17,2042
26,18,8092
26,19,8011
26,20,7954
26,21,7973
26,22,1986
26,23,1964
27,0,1962
27,1,2013
27,2,2015
27,3,1984
27,4,2002
27,5,1985
27,6,2010
27,7,2014
27,8,2045
27,9,2109
27,10,1957
27,11,2019
27,12,1965
27,13,1981
27,14,1998
27,15,1971
27,16,2043
27,17,1975
27,18,8058
27,19,7978
27,20,7908
27,21,7908
27,22,2028
27,23,2008
28,0,2044
28,1,2103
28,2,2046
28,3,1962
28,4,2014
28,5,2050
28,6,1981
28,7,2039
28,8,2047
28,9,2022
28,10,2016
28,11,2011
28,12,2032
28,13,1960
28,14,2014
28,15,1963
28,16,2012
28,17,2026
28,18,7982
28,19,7883
28,20,8060
28,21,7939
28,22,1926
28,23,1956
29,0,1962
29,1,1916
29,2,1915
29,3,1963
29,4,2061
29,5,2004
29,6,1978
29,7,2007
29,8,1996
29,9,2008
29,10,1953
29,11,1958
29,12,1931
29,13,2035
29,14,2021
29,15,2081
29,16,1987
29,17,2005
29,18,8005
29,19,7855
29,20,7883
29,21,8078
29,22,1876
29,23,1968
30,0,1927
30,1,2007
30,2,1987
30,3,2013
30,4,2077
30,5,1938
30,6,1985
30,7,2057
30,8,2041
30,9,1923
30,10,1952
30,11,1980
30,12,2018
30,13,1943
30,14,2079
30,15,2014
30,16,1953
30,17,1987
30,18,7966
30,19,7950
30,20,7985
30,21,8036
30,22,2015
30,23,1948
31,0,2039
31,1,1907
31,2,1945
31,3,1974
31,4,2025
31,5,2045
31,6,1974
31,7,2003
31,8,1942
31,9,1994
31,10,1983
31,11,2048
31,12,2037
31,13,1989
31,14,2036
31,15,2004
31,16,2115
31,17,1936
31,18,7988
31,19,7863
31,20,7894
31,21,8064
31,22,1984
31,23,1995
32,0,2065
32,1,2040
32,2,2025
32,3,1967
32,4,1995
32,5,2021
32,6,2018
32,7,1914
32,8,1947
32,9,2001
32,10,1887
32,11,2029
32,12,1918
32,13,1981
32,14,1980
32,15,2021
32,16,1952
32,17,2021
32,18,7937
32,19,7848
32,20,7946
32,21,8032
32,22,1958
32,23,2015
33,0,2019
33,1,2042
33,2,2010
33,3,2045
33,4,1941
33,5,2082
33,6,1983
33,7,1992
33,8,2094
33,9,1939
33,10,2063
33,11,1971
33,12,2056
33,13,2076
33,14,2035
33,15,2051
33,16,2038
33,17,1953
33,18,7778
33,19,7885
33,20,8092
33,21,8001
33,22,2031
33,23,2011
34,0,1973
34,1,2025
34,2,2018
34,3,1949
34,4,1932
34,5,2042
34,6,2007
34,7,2015
34,8,1981
34,9,2007
34,10,2036
34,11,2033
34,12,2113
34,13,1977
34,14,1974
34,15,1993
34,16,2063
34,17,1986
34,18,8052
34,19,8031
34,20,8083
34,21,8022
34,22,2018
34,23,2010
35,0,2008
35,1,2023
35,2,1969
35,3,2000
35,4,1908
35,5,2040
35,6,2040
35,7,1992
35,8,1977
35,9,1927
35,10,2012
35,11,2018
35,12,2018
35,13,1939
35,14,2050
35,15,2009
35,16,1954
35,17,1978
35,18,7939
35,19,7947
35,20,7935
35,21,8117
35,22,1955
35,23,1995
36,0,1943
36,1,2031
36,2,1992
36,3,2036
36,4,2014
36,5,2034
36,6,2110
36,7,1906
36,8,1968
36,9,2070
36,10,1969
36,11,1994
36,12,1913
36,13,1870
36,14,2070
36,15,2004
36,16,1980
36,17,2088
36,18,7979
36,19,7934
36,20,7914
36,21,7991
36,22,2014
36,23,1937
37,0,1962
37,1,2053
37,2,2003
37,3,2055
37,4,1915
37,5,2005
37,6,1995
37,7,2053
37,8,1995
37,9,2020
37,10,1911
37,11,2044
37,12,1958
37,13,1950
37,14,2035
37,15,1958
37,16,2061
37,17,1964
37,18,7698
37,19,7991
37,20,8010
37,21,7869
37,22,2047
37,23,1958
38,0,1972
38,1,2010
38,2,2042
38,3,2074
38,4,1949
38,5,2041
38,6,2055
38,7,1945
38,8,1954
38,9,2020
38,10,1992
38,11,1925
38,12,2043
38,13,2017
38,14,2061
38,15,1950
38,16,2007
38,17,2029
38,18,7845
38,19,7910
38,20,8092
38,21,8056
38,22,1996
38,23,1995
39,0,1999
39,1,1978
39,2,2028
39,3,1932
39,4,1945
39,5,1994
39,6,2020
39,7,1981
39,8,1996
39,9,2017
39,10,2023
39,11,2024
39,12,1953
39,13,1962
39,14,1970
39,15,2026
39,16,1974
39,17,2020
39,18,8116
39,19,8081
39,20,7935
39,21,8045
39,22,1936
39,23,1995
40,0,2006
40,1,1990
40,2,2032
40,3,1970
40,4,1972
40,5,2035
40,6,2030
40,7,2048
40,8,2059
40,9,2027
40,10,1931
40,11,1974
40,12,1973
40,13,2033
40,14,2069
40,15,2022
40,16,2065
40,17,1922
40,18,8083
40,19,8108
40,20,7824
40,21,8025
40,22,1930
40,23,2022
41,0,2061
41,1,2002
41,2,1976
41,3,2038
41,4,2065
41,5,2014
41,6,2012
41,7,1964
41,8,1934
41,9,1998
41,10,2102
41,11,2033
41,12,2017
41,13,1967
41,14,1996
41,15,1945
41,16,1998
41,17,2014
41,18,7918
41,19,7922
41,20,7870
41,21,8086
41,22,2002
41,23,2084
42,0,1927
42,1,1937
42,2,2001
42,3,1999
42,4,1970
42,5,1990
42,6,2071
42,7,2014
42,8,2047
42,9,2018
42,10,1967
42,11,2013
42,12,1937
42,13,1994
42,14,1939
42,15,2034
42,16,1923
42,17,2092
42,18,8047
42,19,8024
42,20,8035
42,21,8029
42,22,2030
42,23,2069
43,0,2004
43,1,1973
43,2,2010
43,3,1940
43,4,1980
43,5,2020
43,6,2025
43,7,2023
43,8,1974
43,9,1993
43,10,2047
43,11,2075
43,12,1976
43,13,1983
43,14,2027
43,15,1984
43,16,1991
43,17,2064
43,18,7896
43,19,8038
43,20,7958
43,21,7977
43,22,2023
43,23,1982
44,0,2025
44,1,1998
44,2,2001
44,3,1985
44,4,1949
44,5,2035
44,6,1972
44,7,1938
44,8,1975
44,9,2013
44,10,2118
44,11,1985
44,12,2005
44,13,2007
44,14,2036
44,15,1992
44,16,1967
44,17,1907
44,18,8014
44,19,8020
44,20,7986
44,21,7997
44,22,2016
44,23,2015
45,0,1986
45,1,1997
45,2,2072
45,3,2004
45,4,1942
45,5,1940
45,6,1970
45,7,2095
45,8,1995
45,9,1998
45,10,2011
45,11,1971
45,12,2036
45,13,2001
45,14,2010
45,15,2048
45,16,2009
45,17,1957
45,18,8107
45,19,8104
45,20,7822
45,21,7987
45,22,2016
45,23,2025
46,0,2025
46,1,1973
46,2,2043
46,3,2023
46,4,1973
46,5,2032
46,6,2033
46,7,2035
46,8,2021
46,9,2052
46,10,1927
46,11,1922
46,12,1988
46,13,1980
46,14,2003
46,15,1921
46,16,2041
46,17,1899
46,18,7975
46,19,7926
46,20,7976
46,21,7953
46,22,1962
46,23,1982
47,0,1940
47,1,2000
47,2,2011
47,3,1918
47,4,1965
47,5,2047
47,6,2007
47,7,1945
47,8,1969
47,9,1971
47,10,2017
47,11,2034
47,12,1895
47,13,2027
47,14,2050
47,15,1965
47,16,1976
47,17,1982
47,18,8102
47,19,8081
47,20,7983
47,21,7968
47,22,1928
47,23,1999
48,0,2017
48,1,2028
48,2,2102
48,3,1973
48,4,2039
48,5,1896
48,6,2111
48,7,1991
48,8,1959
48,9,1983
48,10,2037
48,11,2047
48,12,1960
48,13,1996
48,14,1960
48,15,2014
48,16,1944
48,17,2032
48,18,8037
48,19,8057
48,20,8128
48,21,7966
48,22,1936
48,23,1969
49,0,1979
49,1,1940
49,2,1999
49,3,2004
49,4,2023
49,5,2038
49,6,2003
49,7,1941
49,8,2037
49,9,1939
49,10,2038
49,11,1980
49,12,2019
49,13,2052
49,14,2067
49,15,2039
49,16,1987
49,17,1914
49,18,7931
49,19,8067
49,20,8187
49,21,8244
49,22,1983
49,23,1957
50,0,2016
50,1,2010
50,2,2045
50,3,1986
50,4,1967
50,5,2076
50,6,1996
50,7,2028
50,8,1946
50,9,2017
50,10,2004
50,11,2000
50,12,1921
50,13,2044
50,14,2006
50,15,1890
50,16,1993
50,17,2054
50,18,8235
50,19,8018
50,20,7984
50,21,7838
50,22,2041
50,23,2003
51,0,2035
51,1,1997
51,2,1965
51,3,2022
51,4,2008
51,5,2000
51,6,2081
51,7,2017
51,8,1977
51,9,2031
51,10,1991
51,11,1998
51,12,1939
51,13,1987
51,14,2036
51,15,1986
51,16,2076
51,17,2010
51,18,8080
51,19,8016
51,20,8041
51,21,7912
51,22,1933
51,23,1961
52,0,1876
52,1,2057
52,2,2102
52,3,1992
52,4,2002
52,5,1971
52,6,2066
52,7,2065
52,8,2039
52,9,2000
52,10,2012
52,11,1978
52,12,1959
52,13,2001
52,14,2045
52,15,1978
52,16,2037
52,17,1947
52,18,8010
52,19,7981
52,20,7883
52,21,8006
52,22,1974
52,23,1963
53,0,1962
53,1,2033
53,2,1990
53,3,1977
53,4,2046
53,5,1983
53,6,2035
53,7,2011
53,8,1922
53,9,2028
53,10,2039
53,11,2104
53,12,1968
53,13,1973
53,14,2035
53,15,2002
53,16,1983
53,17,2048
53,18,8057
53,19,8155
53,20,8061
53,21,7939
53,22,1957
53,23,2054
54,0,2030
54,1,2098
54,2,1985
54,3,2040
54,4,1985
54,5,2050
54,6,1992
54,7,2027
54,8,2006
54,9,1901
54,10,2029
54,11,1953
54,12,2007
54,13,1942
54,14,1949
54,15,1972
54,16,2023
54,17,1966
54,18,8018
54,19,8140
54,20,8045
54,21,8012
54,22,1974
54,23,2016
55,0,2031
55,1,1916
55,2,1971
55,3,2024
55,4,1906
55,5,2095
55,6,2022
55,7,1957
55,8,2034
55,9,1970
55,10,1991
55,11,1915
55,12,1937
55,13,2032
55,14,1990
55,15,1987
55,16,1958
55,17,1969
55,18,8041
55,19,8026
55,20,7841
55,21,7946
55,22,2013
55,23,2019
56,0,1966
56,1,2027
56,2,1975
56,3,2012
56,4,2097
56,5,2032
56,6,1958
56,7,2027
56,8,1988
56,9,2010
56,10,1994
56,11,1987
56,12,1955
56,13,1929
56,14,2074
56,15,1967
56,16,2030
56,17,2011
56,18,8035
56,19,8057
56,20,7915
56,21,8064
56,22,1966
56,23,1969
57,0,1911
57,1,2031
57,2,2023
57,3,2043
57,4,2085
57,5,1957
57,6,2033
57,7,2003
57,8,1983
57,9,2011
57,10,1969
57,11,2066
57,12,2040
57,13,2017
57,14,2027
57,15,1993
57,16,2088
57,17,2047
57,18,7986
57,19,7947
57,20,7811
57,21,8162
57,22,2036
57,23,2020
58,0,1949
58,1,1917
58,2,2021
58,3,2045
58,4,1936
58,5,1975
58,6,2002
58,7,1981
58,8,2048
58,9,1975
58,10,2105
58,11,1981
58,12,1933
58,13,2007
58,14,1956
58,15,2023
58,16,2055
58,17,1992
58,18,7899
58,19,7907
58,20,7925
58,21,7901
58,22,2029
58,23,2002
59,0,1925
59,1,1951
59,2,1965
59,3,1934
59,4,2002
59,5,1965
59,6,1986
59,7,2015
59,8,1989
59,9,2005
59,10,2027
59,11,2000
59,12,2058
59,13,2004
59,14,2013
59,15,1979
59,16,2025
59,17,1986
59,18,7917
59,19,7979
59,20,8082
59,21,7993
59,22,2016
59,23,1966
60,0,2030
60,1,2050
60,2,2051
60,3,1978
60,4,1994
60,5,2054
60,6,1996
60,7,1986
60,8,2068
60,9,1915
60,10,1986
60,11,2135
60,12,2019
60,13,1984
60,14,2007
60,15,1961
60,16,1983
60,17,1983
60,18,8060
60,19,8055
60,20,7921
60,21,7996
60,22,2043
60,23,2006
61,0,2037
61,1,2039
61,2,2043
61,3,1945
61,4,2015
61,5,1951
61,6,2064
61,7,2071
61,8,2012
61,9,2064
61,10,2017
61,11,1997
61,12,1969
61,13,1975
61,14,1960
61,15,2071
61,16,1955
61,17,2026
61,18,8093
61,19,8083
61,20,8051
61,21,8180
61,22,1977
61,23,1956
62,0,1961
62,1,1968
62,2,2045
62,3,2036
62,4,1927
62,5,1983
62,6,1965
62,7,1977
62,8,2063
62,9,2047
62,10,1966
62,11,1915
62,12,2034
62,13,1965
62,14,1989
62,15,2040
62,16,1975
62,17,1963
62,18,8073
62,19,8072
62,20,8100
62,21,8016
62,22,2056
62,23,2010
63,0,2035
63,1,2028
63,2,1962
63,3,2082
63,4,1979
63,5,2043
63,6,2012
63,7,1994
63,8,2023
63,9,2092
63,10,2000
63,11,2026
63,12,1970
63,13,2018
63,14,1953
63,15,1994
63,16,2050
63,17,2014
63,18,8100
63,19,7997
63,20,7896
63,21,7940
63,22,2011
63,23,1981
64,0,1925
64,1,2061
64,2,2021
64,3,2056
64,4,1957
64,5,1971
64,6,2067
64,7,2052
64,8,1978
64,9,1926
64,10,1917
64,11,1963
64,12,1969
64,13,1951
64,14,1970
64,15,1977
64,16,1963
64,17,1967
64,18,8045
64,19,7919
64,20,7893
64,21,8113
64,22,1924
64,23,1974
65,0,2043
65,1,2010
65,2,1946
65,3,1970
65,4,1924
65,5,1974
65,6,1906
65,7,1995
65,8,2009
65,9,2038
65,10,1975
65,11,2064
65,12,1956
65,13,2033
65,14,1998
65,15,1982
65,16,1988
65,17,1994
65,18,7882
65,19,8206
65,20,8017
65,21,7997
65,22,1963
65,23,1983
66,0,1945
66,1,1955
66,2,1961
66,3,2047
66,4,2081
66,5,2009
66,6,1984
66,7,1983
66,8,2007
66,9,2042
66,10,2023
66,11,1961
66,12,1966
66,13,2041
66,14,2034
66,15,1995
66,16,1930
66,17,2077
66,18,7945
66,19,7928
66,20,7992
66,21,8071
66,22,1998
66,23,2037
67,0,2048
67,1,1979
67,2,2015
67,3,2001
67,4,1899
67,5,2006
67,6,2050
67,7,1964
67,8,2030
67,9,2014
67,10,1952
67,11,2043
67,12,2034
67,13,2038
67,14,2023
67,15,2082
67,16,1914
67,17,2048
67,18,8076
67,19,7960
67,20,8171
67,21,8028
67,22,1976
67,23,2032
68,0,2027
68,1,1979
68,2,1993
68,3,1980
68,4,2087
68,5,1983
68,6,1911
68,7,1950
68,8,1993
68,9,1965
68,10,2021
68,11,2035
68,12,2070
68,13,2035
68,14,2021
68,15,1987
68,16,2066
68,17,1975
68,18,7939
68,19,7909
68,20,7982
68,21,7878
68,22,2004
68,23,1999
69,0,2012
69,1,1950
69,2,2006
69,3,1980
69,4,2021
69,5,2046
69,6,2020
69,7,1987
69,8,2043
69,9,2010
69,10,1960
69,11,2012
69,12,2004
69,13,1952
69,14,1973
69,15,1991
69,16,1899
69,17,2025
69,18,7924
69,19,7933
69,20,7964
69,21,8093
69,22,1981
69,23,2044
70,0,1959
70,1,1996
70,2,2051
70,3,1985
70,4,2047
70,5,1995
70,6,2085
70,7,2086
70,8,2004
70,9,1997
70,10,1950
70,11,2029
70,12,1989
70,13,2014
70,14,2021
70,15,1981
70,16,1988
70,17,2045
70,18,7967
70,19,7869
70,20,7978
70,21,8041
70,22,1987
70,23,1949
71,0,1887
71,1,1951
71,2,2007
71,3,2000
71,4,2113
71,5,2063
71,6,2075
71,7,2017
71,8,2034
71,9,2023
71,10,2031
71,11,1946
71,12,2005
71,13,1991
71,14,2074
71,15,2051
71,16,2002
71,17,2009
71,18,7764
71,19,8061
71,20,8045
71,21,8195
71,22,2039
71,23,2013
72,0,2025
72,1,2090
72,2,2016
72,3,1974
72,4,1989
72,5,1952
72,6,2035
72,7,1925
72,8,1932
72,9,2021
72,10,1950
72,11,1963
72,12,2081
72,13,1899
72,14,2009
72,15,1974
72,16,2011
72,17,1970
72,18,7939
72,19,7968
72,20,7799
72,21,8098
72,22,1962
72,23,1930
73,0,1979
73,1,1925
73,2,2034
73,3,1999
73,4,1978
73,5,2004
73,6,2009
73,7,2036
73,8,1947
73,9,1982
73,10,2024
73,11,2026
73,12,2018
73,13,2063
73,14,1973
73,15,1989
73,16,2023
73,17,2023
73,18,7974
73,19,8064
73,20,8045
73,21,8041
73,22,2057
73,23,1996
74,0,1989
74,1,1978
74,2,2053
74,3,2086
74,4,2047
74,5,2039
74,6,2046
74,7,1973
74,8,2036
74,9,2057
74,10,2023
74,11,1977
74,12,2012
74,13,2024
74,14,1991
74,15,2037
74,16,2025
74,17,2016
74,18,7922
74,19,7885
74,20,8105
74,21,8063
74,22,1997
74,23,1978
75,0,1967
75,1,2017
75,2,2006
75,3,1973
75,4,2127
75,5,2064
75,6,2008
75,7,1916
75,8,2013
75,9,2076
75,10,1945
75,11,1972
75,12,2026
75,13,2041
75,14,2024
75,15,1973
75,16,1969
75,17,2021
75,18,8024
75,19,8061
75,20,8043
75,21,7959
75,22,1930
75,23,2076
76,0,1933
76,1,2031
76,2,1938
76,3,2028
76,4,1967
76,5,2005
76,6,2112
76,7,2002
76,8,2006
76,9,2014
76,10,1964
76,11,1976
76,12,1993
76,13,2010
76,14,1977
76,15,1987
76,16,2024
76,17,1943
76,18,7883
76,19,8051
76,20,8069
76,21,8000
76,22,2015
76,23,1993
77,0,2053
77,1,1935
77,2,2011
77,3,1926
77,4,1934
77,5,2006
77,6,2018
77,7,1886
77,8,2025
77,9,1975
77,10,2067
77,11,2011
77,12,1982
77,13,1996
77,14,2027
77,15,1982
77,16,1906
77,17,2027
77,18,8046
77,19,8070
77,20,7978
77,21,7932
77,22,2011
77,23,1984
78,0,1979
78,1,1950
78,2,1981
78,3,1937
78,4,1989
78,5,2021
78,6,2019
78,7,2019
78,8,1947
78,9,2013
78,10,1987
78,11,1941
78,12,1950
78,13,1959
78,14,2007
78,15,2058
78,16,1980
78,17,2005
78,18,8017
78,19,7973
78,20,7891
78,21,7983
78,22,1923
78,23,2035
79,0,2048
79,1,1997
79,2,2048
79,3,1970
79,4,1940
79,5,2030
79,6,1988
79,7,2010
79,8,2022
79,9,1926
79,10,1971
79,11,1992
79,12,1985
79,13,2013
79,14,1985
79,15,1993
79,16,2046
79,17,2011
79,18,8085
79,19,8095
79,20,8079
79,21,7978
79,22,2005
79,23,1961
80,0,2009
80,1,1909
80,2,2036
80,3,1962
80,4,1923
80,5,1950
80,6,1958
80,7,1900
80,8,2001
80,9,1985
80,10,1946
80,11,1911
80,12,2009
80,13,2060
80,14,2116
80,15,1931
80,16,1955
80,17,2019
80,18,7946
80,19,7903
80,20,7880
80,21,7931
80,22,2100
80,23,1985
81,0,1921
81,1,2022
81,2,1989
81,3,1989
81,4,1978
81,5,1931
81,6,2013
81,7,1976
81,8,1964
81,9,1953
81,10,2023
81,11,1997
81,12,1919
81,13,1980
81,14,2059
81,15,1962
81,16,1988
81,17,1954
81,18,7957
81,19,7980
81,20,8098
81,21,8114
81,22,2025
81,23,1989
82,0,1987
82,1,2023
82,2,1943
82,3,1959
82,4,2022
82,5,1990
82,6,2012
82,7,1950
82,8,2007
82,9,1959
82,10,2039
82,11,1968
82,12,2008
82,13,2032
82,14,1998
82,15,1968
82,16,2013
82,17,1972
82,18,7999
82,19,8063
82,20,8021
82,21,7905
82,22,1929
82,23,2006
83,0,2003
83,1,1957
83,2,2056
83,3,2064
83,4,2044
83,5,2034
83,6,2009
83,7,1969
83,8,1965
83,9,2007
83,10,1991
83,11,1924
83,12,1952
83,13,1960
83,14,1987
83,15,2022
83,16,2085
83,17,1948
83,18,7989
83,19,8042
83,20,8059
83,21,8121
83,22,1963
83,23,1967
84,0,1944
84,1,2000
84,2,1964
84,3,2036
84,4,1989
84,5,2086
84,6,2039
84,7,1986
84,8,2022
84,9,2009
84,10,2000
84,11,1991
84,12,2033
84,13,1988
84,14,1957
84,15,2072
84,16,2034
84,17,2052
84,18,8220
84,19,7958
84,20,7996
84,21,7931
84,22,2044
84,23,1974
85,0,2055
85,1,1946
85,2,2096
85,3,1978
85,4,2019
85,5,1939
85,6,2043
85,7,1978
85,8,2034
85,9,2096
85,10,2055
85,11,2027
85,12,2023
85,13,2059
85,14,1903
85,15,1997
85,16,1985
85,17,2050
85,18,7911
85,19,8003
85,20,7990
85,21,8096
85,22,1934
85,23,2022
86,0,1982
86,1,2030
86,2,1988
86,3,2023
86,4,1969
86,5,2093
86,6,2038
86,7,1944
86,8,2006
86,9,1983
86,10,1980
86,11,1992
86,12,2001
86,13,1966
86,14,2021
86,15,1989
86,16,2040
86,17,2046
86,18,7979
86,19,7934
86,20,8003
86,21,7984
86,22,1980
86,23,1958
87,0,1961
87,1,2074
87,2,2033
87,3,1939
87,4,2030
87,5,1991
87,6,2001
87,7,1984
87,8,2029
87,9,1963
87,10,1955
87,11,1986
87,12,1979
87,13,2023
87,14,2056
87,15,1995
87,16,1998
87,17,2035
87,18,8010
87,19,8109
87,20,8055
87,21,7927
87,22,1979
87,23,1964
88,0,1916
88,1,2007
88,2,1989
88,3,2060
88,4,1999
88,5,1935
88,6,1909
88,7,1973
88,8,1950
88,9,1940
88,10,1940
88,11,2072
88,12,2047
88,13,1922
88,14,1965
88,15,1951
88,16,2072
88,17,2063
88,18,7942
88,19,7968
88,20,8011
88,21,8050
88,22,1975
88,23,2042
89,0,2019
89,1,2006
89,2,1984
89,3,1883
89,4,1981
89,5,1953
89,6,2099
89,7,2036
89,8,2038
89,9,2016
89,10,2076
89,11,2016
89,12,1916
89,13,1975
89,14,1981
89,15,2012
89,16,1985
89,17,1957
89,18,7947
89,19,8026
89,20,7964
89,21,7917
89,22,2043
89,23,1936
90,0,1979
90,1,1976
90,2,2014
90,3,1985
90,4,1946
90,5,1928
90,6,1940
90,7,2080
90,8,2129
90,9,2033
90,10,2062
90,11,2004
90,12,1951
90,13,1977
90,14,2036
90,15,2012
90,16,1898
90,17,1996
90,18,8066
90,19,7981
90,20,8239
90,21,7997
90,22,2072
90,23,2036
91,0,1979
91,1,2052
91,2,2016
91,3,2043
91,4,1986
91,5,1987
91,6,1994
91,7,1981
91,8,1955
91,9,2006
91,10,1972
91,11,1998
91,12,2111
91,13,1997
91,14,2003
91,15,1966
91,16,1940
91,17,2021
91,18,8013
91,19,8061
91,20,8062
91,21,7959
91,22,1916
91,23,1939
92,0,2045
92,1,1986
92,2,2054
92,3,2058
92,4,2038
92,5,1954
92,6,1951
92,7,2004
92,8,1957
92,9,1886
92,10,2007
92,11,2022
92,12,2083
92,13,1967
92,14,2030
92,15,1974
92,16,2008
92,17,1951
92,18,8030
92,19,8061
92,20,8072
92,21,7912
92,22,2016
92,23,1999
93,0,1978
93,1,1957
93,2,1955
93,3,1992
93,4,1992
93,5,2007
93,6,2085
93,7,2000
93,8,2032
93,9,1997
93,10,2077
93,11,2007
93,12,1998
93,13,2015
93,14,1998
93,15,1920
93,16,2050
93,17,1956
93,18,8074
93,19,8019
93,20,7753
93,21,8098
93,22,1892
93,23,2051
94,0,1990
94,1,1993
94,2,2009
94,3,1976
94,4,1983
94,5,2013
94,6,1971
94,7,1994
94,8,2035
94,9,1976
94,10,1906
94,11,2073
94,12,2006
94,13,1980
94,14,2007
94,15,1932
94,16,2124
94,17,2013
94,18,8048
94,19,8019
94,20,8021
94,21,7976
94,22,2019
94,23,2016
95,0,1975
95,1,2071
95,2,2023
95,3,1954
95,4,1997
95,5,2015
95,6,1977
95,7,1959
95,8,1958
95,9,1990
95,10,1993
95,11,2062
95,12,2005
95,13,1986
95,14,1943
95,15,2023
95,16,2089
95,17,1978
95,18,7917
95,19,8064
95,20,7971
95,21,8037
95,22,2043
95,23,2058
96,0,2098
96,1,1977
96,2,1986
96,3,1993
96,4,1962
96,5,1973
96,6,1951
96,7,1987
96,8,2011
96,9,1947
96,10,2021
96,11,2027
96,12,2001
96,13,2025
96,14,1881
96,15,2000
96,16,2029
96,17,2042
96,18,7989
96,19,7971
96,20,8052
96,21,8112
96,22,1916
96,23,1989
97,0,1958
97,1,2007
97,2,1972
97,3,2055
97,4,1956
97,5,1973
97,6,1996
97,7,1951
97,8,2091
97,9,1953
97,10,1995
97,11,1931
97,12,1971
97,13,1882
97,14,2038
97,15,1996
97,16,1991
97,17,2040
97,18,8072
97,19,7983
97,20,7994
97,21,8126
97,22,1978
97,23,2081
98,0,2001
98,1,1945
98,2,1971
98,3,1904
98,4,1924
98,5,1992
98,6,1967
98,7,1926
98,8,1978
98,9,2072
98,10,1928
98,11,1994
98,12,1972
98,13,2004
98,14,2054
98,15,2013
98,16,2005
98,17,2014
98,18,8075
98,19,7970
98,20,7983
98,21,7996
98,22,2010
98,23,2044
99,0,1962
99,1,1968
99,2,2019
99,3,1993
99,4,2009
99,5,1944
99,6,2057
99,7,2029
99,8,1929
99,9,1986
99,10,2113
99,11,1980
99,12,1976
99,13,2025
99,14,2032
99,15,1898
99,16,1981
99,17,1999
99,18,7912
99,19,7986
99,20,8047
99,21,8027
99,22,2023
99,23,2012
100,0,1959
100,1,1995
100,2,1919
100,3,1980
100,4,2006
100,5,1972
100,6,1960
100,7,2027
100,8,1983
100,9,2042
100,10,1915
100,11,1968
100,12,2039
100,13,2052
100,14,2025
100,15,1910
100,16,1978
100,17,2037
100,18,8089
100,19,7986
100,20,7924
100,21,8028
100,22,1949
100,23,2009
101,0,1997
101,1,2010
101,2,2009
101,3,2002
101,4,1963
101,5,1975
101,6,2000
101,7,1967
101,8,1943
101,9,2057
101,10,1934
101,11,2044
101,12,1937
101,13,2049
101,14,2019
101,15,2004
101,16,2018
101,17,1992
101,18,8011
101,19,8050
101,20,7900
101,21,7892
101,22,2003
101,23,1935
102,0,2057
102,1,2016
102,2,1937
102,3,1967
102,4,1967
102,5,2094
102,6,2049
102,7,1937
102,8,1970
102,9,1968
102,10,2084
102,11,2026
102,12,2047
102,13,2019
102,14,2073
102,15,1884
102,16,2048
102,17,1995
102,18,7981
102,19,8164
102,20,7950
102,21,7964
102,22,1981
102,23,2021
103,0,1969
103,1,1941
103,2,2058
103,3,1993
103,4,1921
103,5,2047
103,6,1990
103,7,2060
103,8,2006
103,9,1933
103,10,2046
103,11,1992
103,12,2006
103,13,2035
103,14,1955
103,15,1954
103,16,2011
103,17,2009
103,18,7955
103,19,8024
103,20,8032
103,21,8065
103,22,1958
103,23,1941
104,0,2023
104,1,1954
104,2,2045
104,3,2015
104,4,2027
104,5,1906
104,6,2053
104,7,2018
104,8,2113
104,9,2010
104,10,2028
104,11,1964
104,12,2074
104,13,1946
104,14,2000
104,15,1946
104,16,1963
104,17,2024
104,18,8069
104,19,7987
104,20,7946
104,21,8016
104,22,2074
104,23,2066
105,0,2020
105,1,1994
105,2,2023
105,3,1955
105,4,1929
105,5,1934
105,6,2042
105,7,1942
105,8,1957
105,9,1951
105,10,2047
105,11,2020
105,12,2023
105,13,2017
105,14,2064
105,15,1950
105,16,1965
105,17,1935
105,18,8144
105,19,8034
105,20,7984
105,21,8183
105,22,2059
105,23,1966
106,0,1969
106,1,2017
106,2,1967
106,3,2016
106,4,2047
106,5,2020
106,6,2012
106,7,1969
106,8,1968
106,9,2000
106,10,2125
106,11,1973
106,12,1969
106,13,1984
106,14,2017
106,15,2046
106,16,1917
106,17,1939
106,18,8165
106,19,8102
106,20,8055
106,21,7905
106,22,2018
106,23,1982
107,0,2046
107,1,2042
107,2,2063
107,3,2013
107,4,1989
107,5,1929
107,6,2059
107,7,1959
107,8,1976
107,9,2053
107,10,1988
107,11,1946
107,12,1994
107,13,2029
107,14,2031
107,15,2045
107,16,1959
107,17,2016
107,18,7978
107,19,8114
107,20,7987
107,21,7917
107,22,1997
107,23,2008
108,0,2043
108,1,2029
108,2,1999
108,3,1995
108,4,2074
108,5,2104
108,6,2017
108,7,1942
108,8,1932
108,9,1993
108,10,1961
108,11,1988
108,12,2028
108,13,2002
108,14,1971
108,15,1936
108,16,1953
108,17,1965
108,18,8077
108,19,8029
108,20,7844
108,21,7972
108,22,2024
108,23,1964
109,0,1989
109,1,1979
109,2,2024
109,3,1946
109,4,2041
109,5,1975
109,6,2037
109,7,1987
109,8,1988
109,9,1998
109,10,2071
109,11,2088
109,12,2041
109,13,2043
109,14,1972
109,15,1899
109,16,2005
109,17,2019
109,18,8234
109,19,7891
109,20,8017
109,21,8043
109,22,1995
109,23,1918
110,0,2000
110,1,1998
110,2,2019
110,3,2059
110,4,2002
110,5,2016
110,6,2043
110,7,1994
110,8,1943
110,9,2006
110,10,1989
110,11,2054
110,12,1928
110,13,2059
110,14,2029
110,15,2016
110,16,2040
110,17,2018
110,18,8057
110,19,7882
110,20,8024
110,21,7982
110,22,2026
110,23,1934
111,0,2002
111,1,2004
111,2,2052
111,3,1996
111,4,2052
111,5,1988
111,6,1999
111,7,1964
111,8,1998
111,9,1935
111,10,2100
111,11,1951
111,12,1974
111,13,1977
111,14,2006
111,15,1993
111,16,1984
111,17,1965
111,18,8071
111,19,8056
111,20,7979
111,21,7958
111,22,1958
111,23,1957
112,0,1981
112,1,1976
112,2,1941
112,3,1999
112,4,2079
112,5,1969
112,6,1968
112,7,1901
112,8,2043
112,9,2001
112,10,1947
112,11,1984
112,12,2005
112,13,1989
112,14,2018
112,15,1996
112,16,1935
112,17,2039
112,18,8003
112,19,8032
112,20,8020
112,21,7798
112,22,1955
112,23,2033
113,0,1944
113,1,1948
113,2,1966
113,3,1967
113,4,1988
113,5,1905
113,6,1902
113,7,2001
113,8,2008
113,9,1957
113,10,2012
113,11,2040
113,12,1943
113,13,2026
113,14,2025
113,15,1965
113,16,1959
113,17,2027
113,18,8154
113,19,7856
113,20,7935
113,21,7975
113,22,1999
113,23,1987
114,0,2038
114,1,1948
114,2,1984
114,3,2042
114,4,1956
114,5,1934
114,6,2039
114,7,2010
114,8,2007
114,9,1984
114,10,2019
114,11,2057
114,12,2077
114,13,2006
114,14,2035
114,15,1951
114,16,2029
114,17,1995
114,18,7958
114,19,7975
114,20,8031
114,21,8099
114,22,1939
114,23,2051
115,0,1974
115,1,1980
115,2,1914
115,3,2012
115,4,1967
115,5,2051
115,6,2048
115,7,2036
115,8,1959
115,9,2057
115,10,1945
115,11,2103
115,12,2057
115,13,1980
115,14,2030
115,15,2039
115,16,1998
115,17,1985
115,18,7968
115,19,8006
115,20,7964
115,21,8045
115,22,1970
115,23,2030
116,0,2019
116,1,2015
116,2,2006
116,3,1924
116,4,2102
116,5,1996
116,6,2005
116,7,1965
116,8,1951
116,9,1995
116,10,1965
116,11,2020
116,12,1989
116,13,2012
116,14,2077
116,15,2005
116,16,2096
116,17,1913
116,18,7929
116,19,7989
116,20,7963
116,21,8001
116,22,2021
116,23,2087
117,0,1959
117,1,2033
117,2,2013
117,3,1995
117,4,2007
117,5,1970
117,6,1927
117,7,2034
117,8,2000
117,9,1992
117,10,2024
117,11,1958
117,12,1978
117,13,2001
117,14,1896
117,15,2054
117,16,1957
117,17,1985
117,18,8072
117,19,7815
117,20,7984
117,21,8197
117,22,1969
117,23,2061
118,0,2038
118,1,2007
118,2,1941
118,3,1969
118,4,2030
118,5,2012
118,6,1912
118,7,1991
118,8,2070
118,9,2015
118,10,1886
118,11,1968
118,12,2100
118,13,2045
118,14,2005
118,15,2086
118,16,2021
118,17,2019
118,18,8057
118,19,8004
118,20,8007
118,21,8023
118,22,2016
118,23,1956
119,0,2102
119,1,1990
119,2,2013
119,3,1989
119,4,2129
119,5,1983
119,6,1961
119,7,1958
119,8,1997
119,9,1925
119,10,2037
119,11,2054
119,12,2052
119,13,2001
119,14,2052
119,15,1962
119,16,2041
119,17,1983
119,18,8014
119,19,8161
119,20,7841
119,21,8044
119,22,1995
119,23,1955
120,0,2133
120,1,1999
120,2,2007
120,3,1946
120,4,1978
120,5,2011
120,6,2036
120,7,1983
120,8,1964
120,9,1954
120,10,1948
120,11,2026
120,12,1985
120,13,2008
120,14,1922
120,15,1922
120,16,2077
120,17,1983
120,18,8123
120,19,8065
120,20,8044
120,21,7993
120,22,1956
120,23,1994
121,0,1985
121,1,2034
121,2,1938
121,3,2077
121,4,2004
121,5,1983
121,6,2003
121,7,1942
121,8,2088
121,9,2058
121,10,1966
121,11,1933
121,12,1957
121,13,2000
121,14,1937
121,15,1998
121,16,2046
121,17,2044
121,18,8014
121,19,7978
121,20,8043
121,21,8036
121,22,2071
121,23,1926
122,0,2035
122,1,1999
122,2,1969
122,3,2067
122,4,2024
122,5,1927
122,6,1976
122,7,1964
122,8,1966
122,9,1943
122,10,2009
122,11,1980
122,12,2065
122,13,1978
122,14,1948
122,15,1980
122,16,1965
122,17,1942
122,18,8034
122,19,8014
122,20,8040
122,21,8113
122,22,2026
122,23,1984
123,0,2005
123,1,2041
123,2,2023
123,3,2008
123,4,2021
123,5,2044
123,6,2009
123,7,1984
123,8,1995
123,9,2083
123,10,2021
123,11,1932
123,12,2028
123,13,2055
123,14,1928
123,15,1963
123,16,2038
123,17,2048
123,18,8024
123,19,7958
123,20,7990
123,21,8171
123,22,1950
123,23,2094
124,0,1952
124,1,2009
124,2,2023
124,3,1972
124,4,1974
124,5,2050
124,6,1971
124,7,1950
124,8,2041
124,9,2061
124,10,1937
124,11,2018
124,12,1991
124,13,2032
124,14,1981
124,15,2000
124,16,2031
124,17,2090
124,18,8106
124,19,8095
124,20,7974
124,21,7992
124,22,2119
124,23,1931
125,0,1906
125,1,1961
125,2,1991
125,3,2032
125,4,1978
125,5,2038
125,6,1997
125,7,1964
125,8,2055
125,9,1998
125,10,1960
125,11,1957
125,12,2023
125,13,2084
125,14,2001
125,15,2069
125,16,1983
125,17,2074
125,18,7879
125,19,8143
125,20,7979
125,21,8025
125,22,2071
125,23,2016
126,0,2072
126,1,1918
126,2,2112
126,3,2004
126,4,1986
126,5,2010
126,6,2000
126,7,2015
126,8,2054
126,9,1956
126,10,2037
126,11,2037
126,12,1977
126,13,1959
126,14,1947
126,15,1995
126,16,2083
126,17,1999
126,18,8087
126,19,7953
126,20,7925
126,21,7936
126,22,1963
126,23,2053
127,0,1989
127,1,1957
127,2,1972
127,3,1984
127,4,2015
127,5,2086
127,6,1959
127,7,2015
127,8,1988
127,9,2026
127,10,1976
127,11,1991
127,12,2098
127,13,1976
127,14,2000
127,15,2045
127,16,2023
127,17,2008
127,18,7888
127,19,8123
127,20,8069
127,21,7987
127,22,2046
127,23,2005
128,0,2004
128,1,2106
128,2,1973
128,3,2051
128,4,2021
128,5,1957
128,6,1910
128,7,2006
128,8,2034
128,9,2037
128,10,1956
128,11,2087
128,12,2051
128,13,1991
128,14,1949
128,15,2098
128,16,1964
128,17,2082
128,18,8043
128,19,7960
128,20,7762
128,21,8097
128,22,1981
128,23,2004
129,0,1964
129,1,1966
129,2,1970
129,3,2000
129,4,1964
129,5,1981
129,6,2006
129,7,2013
129,8,1985
129,9,2022
129,10,2011
129,11,1993
129,12,1968
129,13,2005
129,14,2040
129,15,2019
129,16,2085
129,17,2031
129,18,7917
129,19,8121
129,20,8166
129,21,7998
129,22,2043
129,23,2068
130,0,2094
130,1,2023
130,2,1942
130,3,1948
130,4,1982
130,5,2016
130,6,2000
130,7,2009
130,8,2007
130,9,1978
130,10,1991
130,11,2019
130,12,2020
130,13,1975
130,14,1928
130,15,2025
130,16,1981
130,17,2050
130,18,7928
130,19,7936
130,20,8123
130,21,8059
130,22,1988
130,23,2002
131,0,2043
131,1,2025
131,2,2071
131,3,2004
131,4,1988
131,5,1917
131,6,1977
131,7,1971
131,8,2022
131,9,1998
131,10,2057
131,11,2022
131,12,2096
131,13,2038
131,14,2086
131,15,2035
131,16,1993
131,17,2037
131,18,7938
131,19,8005
131,20,7951
131,21,8062
131,22,2017
131,23,2028
132,0,2055
132,1,1968
132,2,1998
132,3,1984
132,4,1931
132,5,1959
132,6,1963
132,7,2039
132,8,1962
132,9,2012
132,10,2000
132,11,2008
132,12,2001
132,13,2045
132,14,1942
132,15,1983
132,16,2002
132,17,2086
132,18,7933
132,19,7970
132,20,7989
132,21,7937
132,22,1946
132,23,2008
133,0,2097
133,1,1942
133,2,2055
133,3,2098
133,4,1893
133,5,1979
133,6,2014
133,7,2021
133,8,2046
133,9,1939
133,10,1971
133,11,2022
133,12,1950
133,13,2054
133,14,1968
133,15,1976
133,16,1899
133,17,2029
133,18,7934
133,19,8044
133,20,8087
133,21,7912
133,22,1998
133,23,1976
134,0,2018
134,1,1991
134,2,1974
134,3,2035
134,4,2009
134,5,1945
134,6,1959
134,7,2006
134,8,2030
134,9,1934
134,10,1949
134,11,1982
134,12,1942
134,13,1970
134,14,2049
134,15,2041
134,16,1974
134,17,1993
134,18,7931
134,19,7996
134,20,7831
134,21,7920
134,22,1955
134,23,1960
135,0,2093
135,1,1981
135,2,1898
135,3,2020
135,4,2095
135,5,2026
135,6,2002
135,7,1994
135,8,2027
135,9,1978
135,10,1999
135,11,1951
135,12,1957
135,13,2027
135,14,2005
135,15,1997
135,16,1999
135,17,1955
135,18,8045
135,19,7864
135,20,7879
135,21,8007
135,22,2011
135,23,1991
136,0,2025
136,1,1930
136,2,1971
136,3,2019
136,4,2044
136,5,1970
136,6,1950
136,7,2024
136,8,1914
136,9,2009
136,10,1982
136,11,1953
136,12,1990
136,13,1967
136,14,1998
136,15,1974
136,16,1926
136,17,1957
136,18,7972
136,19,7992
136,20,7865
136,21,8043
136,22,1971
136,23,1956
137,0,1959
137,1,1970
137,2,2018
137,3,1943
137,4,1979
137,5,2007
137,6,2020
137,7,2005
137,8,1969
137,9,2014
137,10,1962
137,11,1997
137,12,2074
137,13,1984
137,14,2050
137,15,2015
137,16,2046
137,17,2058
137,18,7974
137,19,8044
137,20,8117
137,21,7959
137,22,1992
137,23,1988
138,0,1990
138,1,2013
138,2,1936
138,3,1979
138,4,2056
138,5,1919
138,6,1960
138,7,2005
138,8,1941
138,9,2007
138,10,1989
138,11,2014
138,12,2014
138,13,1971
138,14,2040
138,15,1983
138,16,2008
138,17,1981
138,18,8022
138,19,8036
138,20,7851
138,21,7924
138,22,2051
138,23,2041
139,0,1988
139,1,1956
139,2,1951
139,3,2039
139,4,2048
139,5,2096
139,6,2021
139,7,2017
139,8,1955
139,9,2004
139,10,2032
139,11,1937
139,12,2000
139,13,2077
139,14,2046
139,15,1983
139,16,1947
139,17,2010
139,18,8150
139,19,8045
139,20,8009
139,21,7979
139,22,2003
139,23,1956
140,0,2030
140,1,1959
140,2,2022
140,3,2010
140,4,1976
140,5,1955
140,6,1979
140,7,1975
140,8,2069
140,9,1965
140,10,1976
140,11,2056
140,12,1949
140,13,2002
140,14,2064
140,15,2068
140,16,1999
140,17,2022
140,18,7955
140,19,7811
140,20,7987
140,21,7984
140,22,1950
140,23,2002
141,0,1976
141,1,1918
141,2,1919
141,3,2034
141,4,2029
141,5,1997
141,6,2039
141,7,1981
141,8,2018
141,9,2058
141,10,2037
141,11,2062
141,12,2002
141,13,1919
141,14,2089
141,15,2015
141,16,1930
141,17,2034
141,18,7949
141,19,7837
141,20,7934
141,21,8175
141,22,1989
141,23,1980
142,0,2019
142,1,1898
142,2,2007
142,3,2005
142,4,1964
142,5,1991
142,6,2007
142,7,2069
142,8,1931
142,9,2086
142,10,2003
142,11,1927
142,12,2074
142,13,2022
142,14,2013
142,15,2032
142,16,1995
142,17,1952
142,18,7948
142,19,7898
142,20,7883
142,21,7931
142,22,1968
142,23,2065
143,0,2015
143,1,1986
143,2,2021
143,3,1971
143,4,1933
143,5,2000
143,6,1966
143,7,1978
143,8,1979
143,9,2067
143,10,1994
143,11,2061
143,12,2095
143,13,1979
143,14,2006
143,15,1991
143,16,2030
143,17,2088
143,18,7927
143,19,7758
143,20,7875
143,21,8059
143,22,1967
143,23,1961
144,0,1933
144,1,1963
144,2,2070
144,3,1981
144,4,1989
144,5,1994
144,6,2095
144,7,2008
144,8,1957
144,9,1959
144,10,1949
144,11,2013
144,12,1985
144,13,2009
144,14,1915
144,15,2046
144,16,2049
144,17,1939
144,18,7948
144,19,8081
144,20,7999
144,21,7977
144,22,1944
144,23,1905
145,0,1956
145,1,1982
145,2,2050
145,3,2004
145,4,2020
145,5,2019
145,6,1903
145,7,2006
145,8,1934
145,9,1959
145,10,1976
145,11,1947
145,12,2043
145,13,1999
145,14,2027
145,15,1967
145,16,2010
145,17,1969
145,18,7884
145,19,7973
145,20,8122
145,21,8009
145,22,2024
145,23,1937
146,0,2019
146,1,1953
146,2,2091
146,3,2054
146,4,2038
146,5,2047
146,6,2012
146,7,1968
146,8,2001
146,9,1982
146,10,1982
146,11,2068
146,12,1985
146,13,2016
146,14,2084
146,15,2101
146,16,2013
146,17,2065
146,18,8044
146,19,7894
146,20,8121
146,21,7884
146,22,2013
146,23,1970
147,0,1990
147,1,1950
147,2,2002
147,3,2078
147,4,2031
147,5,1957
147,6,2025
147,7,1992
147,8,2040
147,9,2041
147,10,2020
147,11,1970
147,12,1938
147,13,1959
147,14,2071
147,15,2029
147,16,1930
147,17,2009
147,18,8070
147,19,8051
147,20,8101
147,21,8035
147,22,2023
147,23,1997
148,0,1994
148,1,2000
148,2,2043
148,3,1963
148,4,2048
148,5,2003
148,6,1981
148,7,1965
148,8,2041
148,9,1969
148,10,1980
148,11,1994
148,12,2028
148,13,2058
148,14,1941
148,15,2043
148,16,1979
148,17,1997
148,18,8034
148,19,8199
148,20,8257
148,21,7995
148,22,1993
148,23,1992
149,0,2031
149,1,2049
149,2,2014
149,3,1983
149,4,1975
149,5,1960
149,6,2024
149,7,2102
149,8,2056
149,9,2011
149,10,2004
149,11,1925
149,12,1992
149,13,1986
149,14,2043
149,15,1957
149,16,2033
149,17,2000
149,18,7977
149,19,8062
149,20,7904
149,21,7944
149,22,1938
149,23,1971
150,0,1941
150,1,2057
150,2,2039
150,3,2024
150,4,1987
150,5,2005
150,6,1939
150,7,2019
150,8,2102
150,9,1974
150,10,1976
150,11,2004
150,12,1933
150,13,2042
150,14,2028
150,15,1987
150,16,2122
150,17,1990
150,18,7968
150,19,7803
150,20,7984
150,21,8091
150,22,1998
150,23,2018
151,0,1964
151,1,1884
151,2,1972
151,3,2002
151,4,2059
151,5,1978
151,6,1984
151,7,2023
151,8,2010
151,9,1956
151,10,2088
151,11,2021
151,12,1941
151,13,1974
151,14,1952
151,15,1984
151,16,2008
151,17,1973
151,18,8116
151,19,7862
151,20,7961
151,21,7964
151,22,2011
151,23,1958
152,0,2042
152,1,1931
152,2,2027
152,3,2017
152,4,2028
152,5,1978
152,6,1960
152,7,2073
152,8,1989
152,9,2015
152,10,1926
152,11,2035
152,12,2046
152,13,2020
152,14,2014
152,15,1979
152,16,1917
152,17,2003
152,18,8002
152,19,7974
152,20,7957
152,21,8118
152,22,2011
152,23,1992
153,0,1920
153,1,1917
153,2,2037
153,3,2015
153,4,2040
153,5,2028
153,6,1884
153,7,1953
153,8,1990
153,9,1997
153,10,1987
153,11,2057
153,12,2055
153,13,1942
153,14,1958
153,15,1913
153,16,1941
153,17,2056
153,18,8066
153,19,8086
153,20,8080
153,21,8184
153,22,1995
153,23,2047
154,0,1954
154,1,2045
154,2,1996
154,3,2048
154,4,2053
154,5,1957
154,6,1971
154,7,1901
154,8,2045
154,9,1963
154,10,2002
154,11,1993
154,12,2015
154,13,1949
154,14,1987
154,15,2010
154,16,1952
154,17,2010
154,18,8004
154,19,8042
154,20,7934
154,21,8024
154,22,2014
154,23,2040
155,0,2011
155,1,2000
155,2,2011
155,3,1994
155,4,2001
155,5,1993
155,6,1980
155,7,1943
155,8,2038
155,9,2036
155,10,2009
155,11,1962
155,12,1942
155,13,1975
155,14,1957
155,15,1912
155,16,2119
155,17,1994
155,18,8036
155,19,7938
155,20,8040
155,21,7907
155,22,2008
155,23,1938
156,0,2023
156,1,2026
156,2,2096
156,3,2018
156,4,2111
156,5,1969
156,6,1992
156,7,1973
156,8,1961
156,9,1993
156,10,2059
156,11,1926
156,12,2020
156,13,2082
156,14,2029
156,15,1929
156,16,1963
156,17,2044
156,18,7992
156,19,7903
156,20,7981
156,21,7896
156,22,2075
156,23,1955
157,0,2028
157,1,1976
157,2,1995
157,3,1994
157,4,1949
157,5,2005
157,6,1993
157,7,2024
157,8,2072
157,9,2007
157,10,2005
157,11,1944
157,12,1996
157,13,2011
157,14,2043
157,15,1987
157,16,2043
157,17,1986
157,18,8148
157,19,8038
157,20,7976
157,21,7830
157,22,2038
157,23,1952
158,0,2020
158,1,1998
158,2,2076
158,3,1993
158,4,1986
158,5,1971
158,6,2056
158,7,2023
158,8,1980
158,9,1969
158,10,2062
158,11,1995
158,12,2059
158,13,2002
158,14,2052
158,15,1988
158,16,2032
158,17,2004
158,18,8005
158,19,7979
158,20,8111
158,21,7988
158,22,2025
158,23,2018
159,0,1990
159,1,2113
159,2,2000
159,3,1970
159,4,1971
159,5,2023
159,6,1972
159,7,2043
159,8,2014
159,9,2048
159,10,1970
159,11,2004
159,12,1992
159,13,2029
159,14,1957
159,15,1962
159,16,1983
159,17,2005
159,18,7897
159,19,7983
159,20,8014
159,21,8055
159,22,1966
159,23,2098
160,0,2000
160,1,1909
160,2,1946
160,3,2004
160,4,1953
160,5,1979
160,6,1976
160,7,1961
160,8,1991
160,9,1968
160,10,2002
160,11,1996
160,12,2082
160,13,1977
160,14,1968
160,15,2033
160,16,1915
160,17,2044
160,18,8043
160,19,8128
160,20,8006
160,21,8124
160,22,1975
160,23,1961
161,0,2057
161,1,1988
161,2,1981
161,3,1953
161,4,1966
161,5,1985
161,6,1986
161,7,1928
161,8,2013
161,9,1991
161,10,2002
161,11,1947
161,12,1940
161,13,2014
161,14,1966
161,15,1963
161,16,1959
161,17,2003
161,18,7901
161,19,8082
161,20,7974
161,21,7933
161,22,2007
161,23,2099
162,0,2038
162,1,1945
162,2,1975
162,3,2008
162,4,1999
162,5,1927
162,6,2066
162,7,1945
162,8,1992
162,9,1944
162,10,1941
162,11,2036
162,12,2025
162,13,1989
162,14,1885
162,15,1958
162,16,2052
162,17,2020
162,18,8022
162,19,8019
162,20,7882
162,21,8121
162,22,2019
162,23,1986
163,0,1979
163,1,2029
163,2,2094
163,3,2000
163,4,2077
163,5,2009
163,6,1965
163,7,2085
163,8,1992
163,9,2077
163,10,1998
163,11,1960
163,12,2009
163,13,2001
163,14,2056
163,15,1989
163,16,2019
163,17,2075
163,18,8045
163,19,8159
163,20,7860
163,21,7967
163,22,2011
163,23,2044
164,0,2030
164,1,1975
164,2,1969
164,3,1977
164,4,1920
164,5,1982
164,6,2039
164,7,2014
164,8,2018
164,9,2007
164,10,2031
164,11,2059
164,12,1925
164,13,2002
164,14,1993
164,15,2003
164,16,2015
164,17,1949
164,18,8024
164,19,7973
164,20,7904
164,21,8028
164,22,1927
164,23,1986
165,0,1995
165,1,2056
165,2,1974
165,3,1965
165,4,1970
165,5,1979
165,6,2019
165,7,2014
165,8,1968
165,9,1994
165,10,2007
165,11,2012
165,12,2009
165,13,1938
165,14,1970
165,15,1991
165,16,1978
165,17,2019
165,18,8069
165,19,8035
165,20,7968
165,21,8092
165,22,1966
165,23,1979
166,0,1973
166,1,1935
166,2,2074
166,3,2030
166,4,2017
166,5,1974
166,6,2000
166,7,1971
166,8,1925
166,9,1966
166,10,1934
166,11,1969
166,12,1998
166,13,2002
166,14,2008
166,15,1980
166,16,1982
166,17,1994
166,18,7870
166,19,8063
166,20,7892
166,21,7989
166,22,1987
166,23,2105
167,0,2046
167,1,1885
167,2,2010
167,3,2055
167,4,1961
167,5,2078
167,6,2038
167,7,2000
167,8,1966
167,9,1861
167,10,2063
167,11,1990
167,12,1983
167,13,2040
167,14,2030
167,15,1979
167,16,1978
167,17,1978
167,18,7974
167,19,7924
167,20,7983
167,21,7997
167,22,2002
167,23,1972
168,0,2088
168,1,2010
168,2,1977
168,3,1943
168,4,1946
168,5,1961
168,6,2094
168,7,2005
168,8,1977
168,9,2013
168,10,2089
168,11,2064
168,12,2020
168,13,1986
168,14,1989
168,15,1965
168,16,2003
168,17,2038
168,18,8042
168,19,7995
168,20,7976
168,21,8063
168,22,1981
168,23,1988
169,0,2005
169,1,1943
169,2,1951
169,3,2085
169,4,2021
169,5,2072
169,6,2037
169,7,2054
169,8,1969
169,9,1969
169,10,1865
169,11,1970
169,12,1963
169,13,2008
169,14,1991
169,15,1937
169,16,2027
169,17,2031
169,18,8139
169,19,8172
169,20,8100
169,21,8047
169,22,2096
169,23,2013
170,0,2085
170,1,2000
170,2,2041
170,3,2071
170,4,1913
170,5,2005
170,6,2052
170,7,1929
170,8,2004
170,9,2068
170,10,1987
170,11,1985
170,12,1997
170,13,2082
170,14,2032
170,15,1999
170,16,1978
170,17,2026
170,18,7998
170,19,7997
170,20,7915
170,21,7931
170,22,2037
170,23,1965
171,0,2038
171,1,1994
171,2,2025
171,3,2044
171,4,1973
171,5,1946
171,6,1975
171,7,2021
171,8,2029
171,9,1972
171,10,1989
171,11,2030
171,12,2052
171,13,2014
171,14,1988
171,15,2001
171,16,2005
171,17,2060
171,18,8188
171,19,7937
171,20,8104
171,21,8067
171,22,1966
171,23,1950
172,0,1968
172,1,2028
172,2,2007
172,3,2043
172,4,2019
172,5,1959
172,6,2015
172,7,2035
172,8,1979
172,9,2026
172,10,1992
172,11,1985
172,12,2017
172,13,1975
172,14,2023
172,15,2051
172,16,2034
172,17,2020
172,18,7873
172,19,8119
172,20,7844
172,21,8099
172,22,2054
172,23,2002
173,0,1990
173,1,1971
173,2,2004
173,3,2041
173,4,2039
173,5,1920
173,6,2026
173,7,2060
173,8,2010
173,9,2004
173,10,2073
173,11,1995
173,12,1964
173,13,1984
173,14,1998
173,15,2025
173,16,2008
173,17,1951
173,18,7926
173,19,7915
173,20,7898
173,21,8069
173,22,1996
173,23,2012
174,0,2003
174,1,2079
174,2,2011
174,3,1971
174,4,1991
174,5,2047
174,6,2027
174,7,1973
174,8,2030
174,9,1952
174,10,1964
174,11,1997
174,12,1977
174,13,1993
174,14,1946
174,15,2055
174,16,1985
174,17,2021
174,18,8048
174,19,8063
174,20,8161
174,21,8003
174,22,1996
174,23,2062
175,0,2076
175,1,1970
175,2,1937
175,3,2015
175,4,2067
175,5,1932
175,6,2000
175,7,1980
175,8,2019
175,9,1999
175,10,2109
175,11,2002
175,12,2007
175,13,1984
175,14,1927
175,15,1972
175,16,2006
175,17,1921
175,18,8032
175,19,7992
175,20,8007
175,21,7953
175,22,2090
175,23,1920
176,0,2064
176,1,1922
176,2,1982
176,3,1990
176,4,2017
176,5,1955
176,6,1980
176,7,1978
176,8,1946
176,9,1996
176,10,1938
176,11,2031
176,12,2019
176,13,1935
176,14,2026
176,15,2049
176,16,2025
176,17,1984
176,18,8031
176,19,7999
176,20,7975
176,21,7821
176,22,1985
176,23,2029
177,0,1900
177,1,1970
177,2,1946
177,3,2094
177,4,1954
177,5,1981
177,6,2001
177,7,2032
177,8,1968
177,9,2000
177,10,1965
177,11,1952
177,12,2020
177,13,2045
177,14,1958
177,15,2026
177,16,2069
177,17,2025
177,18,8059
177,19,7985
177,20,7972
177,21,7971
177,22,2012
177,23,1896
178,0,1949
178,1,1934
178,2,1971
178,3,2088
178,4,1992
178,5,1998
178,6,1977
178,7,1984
178,8,2039
178,9,2011
178,10,1972
178,11,1966
178,12,2002
178,13,2096
178,14,2018
178,15,2008
178,16,1968
178,17,1974
178,18,7791
178,19,8055
178,20,7989
178,21,7971
178,22,1987
178,23,2099
179,0,2001
179,1,2001
179,2,1975
179,3,2007
179,4,1971
179,5,1985
179,6,1986
179,7,1991
179,8,1963
179,9,2004
179,10,2039
179,11,2029
179,12,1980
179,13,1981
179,14,1955
179,15,1967
179,16,1998
179,17,1960
179,18,7903
179,19,8074
179,20,8057
179,21,8093
179,22,1955
179,23,1944
180,0,1996
180,1,2033
180,2,2024
180,3,1975
180,4,2053
180,5,1968
180,6,2041
180,7,1980
180,8,1999
180,9,1961
180,10,1957
180,11,2080
180,12,2062
180,13,2017
180,14,2037
180,15,1953
180,16,2041
180,17,1987
180,18,7965
180,19,8052
180,20,8011
180,21,7855
180,22,2000
180,23,1966
181,0,2002
181,1,2080
181,2,1989
181,3,2040
181,4,1942
181,5,2008
181,6,2032
181,7,1937
181,8,1966
181,9,2012
181,10,1982
181,11,2018
181,12,2023
181,13,1999
181,14,1997
181,15,2037
181,16,1988
181,17,1939
181,18,8128
181,19,8062
181,20,7945
181,21,7875
181,22,2052
181,23,2012
182,0,2019
182,1,1905
182,2,2056
182,3,1922
182,4,1978
182,5,2053
182,6,2085
182,7,2025
182,8,1991
182,9,2072
182,10,1971
182,11,1968
182,12,2013
182,13,1907
182,14,2029
182,15,1990
182,16,1983
182,17,1904
182,18,8129
182,19,7909
182,20,8058
182,21,8089
182,22,2031
182,23,2029
183,0,2049
183,1,1947
183,2,2076
183,3,2052
183,4,1951
183,5,1977
183,6,1931
183,7,1994
183,8,1940
183,9,1970
183,10,2013
183,11,2004
183,12,2049
183,13,2047
183,14,1962
183,15,1974
183,16,1997
183,17,2059
183,18,8179
183,19,7944
183,20,7956
183,21,8003
183,22,2001
183,23,1985
184,0,1951
184,1,2033
184,2,2022
184,3,2011
184,4,1998
184,5,1999
184,6,2029
184,7,2034
184,8,2111
184,9,1993
184,10,1998
184,11,2102
184,12,1981
184,13,1975
184,14,2058
184,15,1977
184,16,1994
184,17,1996
184,18,7881
184,19,8134
184,20,7974
184,21,7967
184,22,1953
184,23,1997
185,0,2036
185,1,2063
185,2,2082
185,3,2000
185,4,1932
185,5,1953
185,6,2072
185,7,2032
185,8,2073
185,9,2020
185,10,2060
185,11,2021
185,12,2065
185,13,2008
185,14,2078
185,15,1962
185,16,2036
185,17,1963
185,18,8089
185,19,8139
185,20,8006
185,21,7987
185,22,2003
185,23,1967
186,0,2011
186,1,1947
186,2,2024
186,3,2000
186,4,2088
186,5,2017
186,6,1958
186,7,2011
186,8,2020
186,9,2029
186,10,2035
186,11,1961
186,12,1983
186,13,2048
186,14,2011
186,15,1964
186,16,2027
186,17,1968
186,18,7953
186,19,7936
186,20,8054
186,21,7860
186,22,1933
186,23,1930
187,0,2064
187,1,1919
187,2,1999
187,3,2013
187,4,2016
187,5,1883
187,6,1939
187,7,2008
187,8,2080
187,9,2016
187,10,2040
187,11,2055
187,12,2064
187,13,1971
187,14,2042
187,15,1962
187,16,2068
187,17,2007
187,18,7993
187,19,8149
187,20,7979
187,21,7999
187,22,2002
187,23,2002
188,0,1954
188,1,2036
188,2,2016
188,3,2023
188,4,1986
188,5,2018
188,6,2053
188,7,1952
188,8,2017
188,9,2029
188,10,1958
188,11,2003
188,12,1974
188,13,1949
188,14,2040
188,15,1939
188,16,2070
188,17,2016
188,18,8010
188,19,8047
188,20,8254
188,21,8055
188,22,1956
188,23,2002
189,0,2055
189,1,2042
189,2,2038
189,3,2049
189,4,2006
189,5,1997
189,6,1949
189,7,2026
189,8,1885
189,9,2087
189,10,2011
189,11,2059
189,12,2024
189,13,2022
189,14,2047
189,15,1996
189,16,1975
189,17,1985
189,18,8156
189,19,8032
189,20,7964
189,21,7977
189,22,2080
189,23,1935
190,0,1991
190,1,2015
190,2,2003
190,3,1976
190,4,1998
190,5,2059
190,6,2073
190,7,1967
190,8,2071
190,9,2071
190,10,2106
190,11,2028
190,12,1997
190,13,2027
190,14,2007
190,15,2109
190,16,1957
190,17,1989
190,18,7998
190,19,8056
190,20,7855
190,21,7902
190,22,1966
190,23,1981
191,0,1941
191,1,1945
191,2,2070
191,3,1998
191,4,2003
191,5,2010
191,6,1935
191,7,1992
191,8,2040
191,9,1932
191,10,2061
191,11,2046
191,12,2013
191,13,1982
191,14,2000
191,15,1953
191,16,2045
191,17,2040
191,18,7933
191,19,8131
191,20,8115
191,21,8126
191,22,2019
191,23,2001
192,0,2000
192,1,1952
192,2,1949
192,3,1969
192,4,2014
192,5,2041
192,6,1964
192,7,2089
192,8,2026
192,9,1990
192,10,1955
192,11,2013
192,12,2039
192,13,1977
192,14,1933
192,15,1948
192,16,2018
192,17,2071
192,18,7943
192,19,7989
192,20,8051
192,21,7937
192,22,1986
192,23,2049
193,0,2045
193,1,1966
193,2,2001
193,3,1950
193,4,1990
193,5,2042
193,6,2009
193,7,2044
193,8,2028
193,9,1973
193,10,1998
193,11,1966
193,12,2037
193,13,2016
193,14,1965
193,15,1964
193,16,2014
193,17,2004
193,18,7946
193,19,7756
193,20,8064
193,21,8083
193,22,1994
193,23,2028
194,0,1939
194,1,1977
194,2,2019
194,3,2015
194,4,2032
194,5,2004
194,6,2059
194,7,1989
194,8,2010
194,9,2065
194,10,2034
194,11,2105
194,12,2012
194,13,1978
194,14,2008
194,15,1934
194,16,2032
194,17,2070
194,18,7946
194,19,7984
194,20,8019
194,21,8068
194,22,1934
194,23,1928
195,0,2053
195,1,2082
195,2,2017
195,3,1973
195,4,2070
195,5,1941
195,6,1988
195,7,1996
195,8,2004
195,9,1920
195,10,2043
195,11,2038
195,12,1988
195,13,2055
195,14,2006
195,15,1928
195,16,1956
195,17,2021
195,18,7975
195,19,8038
195,20,8067
195,21,8009
195,22,1945
195,23,1986
196,0,2082
196,1,1943
196,2,1981
196,3,2015
196,4,2050
196,5,1959
196,6,2007
196,7,1961
196,8,1982
196,9,1993
196,10,2034
196,11,2009
196,12,1997
196,13,1960
196,14,2065
196,15,2088
196,16,2052
196,17,1985
196,18,7983
196,19,7986
196,20,7993
196,21,8123
196,22,2011
196,23,2027
197,0,2071
197,1,1958
197,2,2059
197,3,1955
197,4,1997
197,5,1965
197,6,1992
197,7,1994
197,8,2042
197,9,2030
197,10,2108
197,11,2062
197,12,2030
197,13,1954
197,14,1931
197,15,2016
197,16,2021
197,17,2007
197,18,8182
197,19,8299
197,20,7943
197,21,8047
197,22,2001
197,23,2026
198,0,1983
198,1,1953
198,2,1982
198,3,2035
198,4,1982
198,5,2038
198,6,1962
198,7,1951
198,8,1962
198,9,1994
198,10,2060
198,11,1994
198,12,1991
198,13,2007
198,14,1948
198,15,1954
198,16,1979
198,17,1896
198,18,8054
198,19,8083
198,20,8022
198,21,7996
198,22,1996
198,23,1992
199,0,1960
199,1,1974
199,2,2041
199,3,2114
199,4,2075
199,5,2030
199,6,1961
199,7,2029
199,8,2040
199,9,2046
199,10,1952
199,11,1988
199,12,2036
199,13,1981
199,14,1915
199,15,1972
199,16,2038
199,17,2019
199,18,7877
199,19,8054
199,20,8128
199,21,7916
199,22,1999
199,23,2107
200,0,2026
200,1,2053
200,2,1962
200,3,1982
200,4,2001
200,5,2009
200,6,2020
200,7,2054
200,8,2058
200,9,1942
200,10,2011
200,11,2089
200,12,2000
200,13,2016
200,14,1971
200,15,2028
200,16,2045
200,17,2101
200,18,7870
200,19,7852
200,20,8006
200,21,7828
200,22,2011
200,23,2072
201,0,1994
201,1,1932
201,2,1984
201,3,1985
201,4,2002
201,5,1905
201,6,2046
201,7,2054
201,8,2049
201,9,2014
201,10,1914
201,11,1941
201,12,2002
201,13,2041
201,14,2014
201,15,1997
201,16,2051
201,17,1958
201,18,8110
201,19,7869
201,20,8028
201,21,8058
201,22,1977
201,23,2034
202,0,2049
202,1,2010
202,2,2056
202,3,1959
202,4,1991
202,5,2070
202,6,1844
202,7,2016
202,8,1975
202,9,1979
202,10,1952
202,11,1962
202,12,2059
202,13,1988
202,14,2007
202,15,1976
202,16,1998
202,17,2065
202,18,7894
202,19,8041
202,20,7972
202,21,7931
202,22,2032
202,23,2089
203,0,1995
203,1,2025
203,2,2060
203,3,1973
203,4,1879
203,5,2058
203,6,2021
203,7,2053
203,8,2058
203,9,2081
203,10,1967
203,11,2004
203,12,2012
203,13,2018
203,14,2023
203,15,2002
203,16,2117
203,17,2059
203,18,8044
203,19,7974
203,20,8054
203,21,8141
203,22,1995
203,23,1947
204,0,2049
204,1,1969
204,2,1989
204,3,2014
204,4,2079
204,5,2009
204,6,2079
204,7,1983
204,8,1884
204,9,1988
204,10,2020
204,11,2013
204,12,1951
204,13,2035
204,14,2056
204,15,1869
204,16,1898
204,17,2001
204,18,7937
204,19,7966
204,20,7947
204,21,7977
204,22,1942
204,23,1985
205,0,2029
205,1,2070
205,2,1994
205,3,1884
205,4,1996
205,5,2026
205,6,1969
205,7,2037
205,8,2032
205,9,2041
205,10,1972
205,11,2018
205,12,2009
205,13,2082
205,14,2035
205,15,2033
205,16,1983
205,17,2050
205,18,7987
205,19,8076
205,20,7954
205,21,8016
205,22,1975
205,23,1960
206,0,1996
206,1,2056
206,2,1983
206,3,2049
206,4,2094
206,5,2021
206,6,1966
206,7,2049
206,8,1978
206,9,1911
206,10,1998
206,11,2051
206,12,2094
206,13,2091
206,14,2013
206,15,2018
206,16,2030
206,17,2042
206,18,7857
206,19,7942
206,20,8027
206,21,7917
206,22,1941
206,23,2049
207,0,1998
207,1,1962
207,2,2014
207,3,2068
207,4,2038
207,5,1945
207,6,2021
207,7,2050
207,8,1991
207,9,1991
207,10,1914
207,11,2036
207,12,1989
207,13,2027
207,14,1969
207,15,2042
207,16,1936
207,17,1955
207,18,8007
207,19,7991
207,20,7926
207,21,7904
207,22,1955
207,23,1997
208,0,1982
208,1,2007
208,2,2067
208,3,1977
208,4,2066
208,5,1969
208,6,2014
208,7,2030
208,8,2023
208,9,2085
208,10,1947
208,11,2008
208,12,1944
208,13,1971
208,14,2046
208,15,1968
208,16,2129
208,17,2061
208,18,8196
208,19,7985
208,20,8022
208,21,8014
208,22,1888
208,23,1995
209,0,2021
209,1,1991
209,2,2006
209,3,2107
209,4,2028
209,5,1935
209,6,1996
209,7,2095
209,8,2013
209,9,1981
209,10,2013
209,11,1963
209,12,2096
209,13,1993
209,14,2050
209,15,2049
209,16,2063
209,17,1950
209,18,7951
209,19,8110
209,20,7974
209,21,7970
209,22,1982
209,23,2097
210,0,1953
210,1,1986
210,2,1970
210,3,2042
210,4,1936
210,5,2034
210,6,2037
210,7,2035
210,8,1965
210,9,1990
210,10,1980
210,11,2085
210,12,2042
210,13,2076
210,14,2033
210,15,1962
210,16,1990
210,17,2013
210,18,7942
210,19,8039
210,20,8080
210,21,8072
210,22,1977
210,23,1946
211,0,2061
211,1,2050
211,2,1956
211,3,2001
211,4,1939
211,5,1919
211,6,1989
211,7,2080
211,8,2035
211,9,2027
211,10,2093
211,11,2049
211,12,1932
211,13,1956
211,14,2046
211,15,1999
211,16,2064
211,17,1973
211,18,7923
211,19,7996
211,20,8132
211,21,7905
211,22,1990
211,23,2070
212,0,1964
212,1,2016
212,2,2022
212,3,1943
212,4,1960
212,5,1908
212,6,2027
212,7,2014
212,8,1975
212,9,2013
212,10,2007
212,11,1951
212,12,1980
212,13,2036
212,14,2091
212,15,1989
212,16,2006
212,17,1903
212,18,7949
212,19,8046
212,20,8011
212,21,8124
212,22,1979
212,23,2054
213,0,2032
213,1,1984
213,2,2028
213,3,2024
213,4,1960
213,5,2009
213,6,1936
213,7,2007
213,8,2145
213,9,2068
213,10,1986
213,11,2070
213,12,2012
213,13,2049
213,14,2044
213,15,1994
213,16,2001
213,17,2006
213,18,7907
213,19,8089
213,20,8027
213,21,8111
213,22,1940
213,23,1989
214,0,2058
214,1,2044
214,2,1932
214,3,1970
214,4,1927
214,5,2039
214,6,2019
214,7,2024
214,8,1935
214,9,2066
214,10,2018
214,11,1989
214,12,2040
214,13,1997
214,14,1979
214,15,2059
214,16,2002
214,17,1960
214,18,7970
214,19,7968
214,20,7961
214,21,8138
214,22,1976
214,23,2076
215,0,2006
215,1,1913
215,2,1938
215,3,2036
215,4,1979
215,5,2082
215,6,2029
215,7,1976
215,8,2015
215,9,1998
215,10,1992
215,11,1969
215,12,1981
215,13,1982
215,14,1919
215,15,2064
215,16,1983
215,17,2017
215,18,8078
215,19,8019
215,20,8049
215,21,7957
215,22,1963
215,23,1877
216,0,1975
216,1,2004
216,2,1950
216,3,2000
216,4,2098
216,5,1908
216,6,1978
216,7,1970
216,8,1968
216,9,1995
216,10,2068
216,11,1942
216,12,1935
216,13,1947
216,14,1984
216,15,2054
216,16,2025
216,17,1959
216,18,7841
216,19,7933
216,20,7879
216,21,7998
216,22,2009
216,23,1956
217,0,1941
217,1,2028
217,2,1974
217,3,1994
217,4,2016
217,5,2029
217,6,1977
217,7,2045
217,8,1965
217,9,2004
217,10,2032
217,11,1987
217,12,2044
217,13,2072
217,14,2026
217,15,2008
217,16,1991
217,17,1967
217,18,7929
217,19,7883
217,20,8109
217,21,7946
217,22,2029
217,23,2022
218,0,2058
218,1,1991
218,2,2046
218,3,1996
218,4,1962
218,5,1943
218,6,1953
218,7,2030
218,8,1860
218,9,1956
218,10,1964
218,11,2009
218,12,2035
218,13,2078
218,14,1992
218,15,2046
218,16,1979
218,17,1950
218,18,7988
218,19,8075
218,20,8008
218,21,8022
218,22,1929
218,23,2063
219,0,2069
219,1,1972
219,2,2061
219,3,2008
219,4,2004
219,5,2041
219,6,2072
219,7,2041
219,8,1924
219,9,2017
219,10,1978
219,11,2043
219,12,2017
219,13,1999
219,14,1951
219,15,2029
219,16,1965
219,17,2008
219,18,8046
219,19,7881
219,20,7957
219,21,7829
219,22,2025
219,23,2024
220,0,2027
220,1,2039
220,2,1991
220,3,2081
220,4,1958
220,5,2074
220,6,1965
220,7,2047
220,8,1973
220,9,1996
220,10,2025
220,11,1921
220,12,1986
220,13,2041
220,14,1929
220,15,1928
220,16,1964
220,17,2080
220,18,7957
220,19,8012
220,20,7795
220,21,8098
220,22,2023
220,23,2001
221,0,1975
221,1,2006
221,2,2060
221,3,1967
221,4,1930
221,5,1985
221,6,1949
221,7,1993
221,8,1996
221,9,1945
221,10,2004
221,11,1986
221,12,1970
221,13,1932
221,14,2116
221,15,2173
221,16,2059
221,17,2090
221,18,8040
221,19,7930
221,20,8007
221,21,7982
221,22,1993
221,23,2116
222,0,2063
222,1,1959
222,2,1919
222,3,1952
222,4,1987
222,5,1992
222,6,2034
222,7,1993
222,8,2000
222,9,2035
222,10,2060
222,11,1964
222,12,2007
222,13,2016
222,14,2051
222,15,2030
222,16,1987
222,17,2044
222,18,7940
222,19,8039
222,20,8068
222,21,8089
222,22,1940
222,23,2010
223,0,2083
223,1,2056
223,2,1995
223,3,1988
223,4,1955
223,5,2010
223,6,1901
223,7,1920
223,8,2016
223,9,2014
223,10,1969
223,11,1944
223,12,2015
223,13,1953
223,14,2033
223,15,1988
223,16,1974
223,17,2035
223,18,7981
223,19,7872
223,20,7937
223,21,7993
223,22,2040
223,23,1980
224,0,2012
224,1,1977
224,2,2022
224,3,2014
224,4,1970
224,5,1937
224,6,2036
224,7,1933
224,8,2013
224,9,2022
224,10,1997
224,11,1854
224,12,1942
224,13,1991
224,14,1944
224,15,2012
224,16,1986
224,17,1984
224,18,8012
224,19,7959
224,20,8111
224,21,8013
224,22,1982
224,23,2021
225,0,1998
225,1,1970
225,2,2006
225,3,1919
225,4,2027
225,5,2001
225,6,2012
225,7,2092
225,8,1975
225,9,2044
225,10,1972
225,11,1976
225,12,1942
225,13,1916
225,14,2067
225,15,1981
225,16,2015
225,17,2017
225,18,7998
225,19,7866
225,20,7840
225,21,7913
225,22,2040
225,23,1978
226,0,2006
226,1,2015
226,2,1936
226,3,1997
226,4,2038
226,5,1933
226,6,2054
226,7,1928
226,8,1869
226,9,2022
226,10,2038
226,11,2042
226,12,1976
226,13,2004
226,14,2036
226,15,2038
226,16,1883
226,17,2014
226,18,8159
226,19,8166
226,20,7955
226,21,8065
226,22,2022
226,23,1960
227,0,1972
227,1,2036
227,2,1924
227,3,1991
227,4,1967
227,5,1999
227,6,1930
227,7,2095
227,8,1980
227,9,2072
227,10,2001
227,11,1952
227,12,2015
227,13,1981
227,14,2024
227,15,1990
227,16,1991
227,17,1945
227,18,7915
227,19,8079
227,20,8146
227,21,8029
227,22,1979
227,23,1955
228,0,2041
228,1,2021
228,2,1979
228,3,1996
228,4,1948
228,5,1913
228,6,2020
228,7,1966
228,8,2005
228,9,2045
228,10,1946
228,11,2038
228,12,2017
228,13,2014
228,14,2048
228,15,1971
228,16,1899
228,17,1983
228,18,8146
228,19,7825
228,20,8007
228,21,7951
228,22,2000
228,23,1994
229,0,2035
229,1,2114
229,2,2024
229,3,2021
229,4,2048
229,5,2013
229,6,2004
229,7,2033
229,8,1989
229,9,1890
229,10,2020
229,11,1945
229,12,1937
229,13,2039
229,14,1947
229,15,2023
229,16,1995
229,17,1969
229,18,8126
229,19,7996
229,20,7908
229,21,8098
229,22,2073
229,23,1939
230,0,2026
230,1,2060
230,2,1973
230,3,1962
230,4,1990
230,5,1952
230,6,1973
230,7,1961
230,8,2006
230,9,2027
230,10,1972
230,11,2024
230,12,1960
230,13,1969
230,14,2048
230,15,1961
230,16,2032
230,17,1986
230,18,7924
230,19,8086
230,20,7957
230,21,8040
230,22,2036
230,23,2044
231,0,1955
231,1,1984
231,2,2022
231,3,1958
231,4,1949
231,5,2041
231,6,1996
231,7,1990
231,8,2019
231,9,2015
231,10,1956
231,11,1903
231,12,1947
231,13,2021
231,14,1967
231,15,1922
231,16,2096
231,17,1967
231,18,8027
231,19,8037
231,20,7997
231,21,7944
231,22,2014
231,23,2024
232,0,2061
232,1,2039
232,2,2023
232,3,1985
232,4,2030
232,5,2010
232,6,1936
232,7,2012
232,8,1986
232,9,2035
232,10,1960
232,11,1959
232,12,2099
232,13,2061
232,14,1986
232,15,1920
232,16,2026
232,17,2007
232,18,7940
232,19,7993
232,20,8093
232,21,8026
232,22,2057
232,23,1969
233,0,1968
233,1,2072
233,2,1924
233,3,1948
233,4,2032
233,5,2091
233,6,1975
233,7,1982
233,8,2009
233,9,1999
233,10,1913
233,11,2029
233,12,2030
233,13,1989
233,14,1988
233,15,1980
233,16,1951
233,17,2025
233,18,7973
233,19,7943
233,20,7944
233,21,8064
233,22,2005
233,23,1968
234,0,2022
234,1,1993
234,2,2050
234,3,1976
234,4,1918
234,5,2010
234,6,1979
234,7,1973
234,8,2033
234,9,2031
234,10,1987
234,11,2003
234,12,2018
234,13,2024
234,14,2012
234,15,2002
234,16,2030
234,17,1947
234,18,8175
234,19,7997
234,20,8069
234,21,7890
234,22,1954
234,23,1995
235,0,1949
235,1,2021
235,2,1940
235,3,1918
235,4,2028
235,5,2008
235,6,2069
235,7,2026
235,8,2045
235,9,2009
235,10,1961
235,11,2017
235,12,1967
235,13,1963
235,14,2079
235,15,2022
235,16,1998
235,17,2066
235,18,7857
235,19,7906
235,20,7905
235,21,8041
235,22,1984
235,23,1960
236,0,1947
236,1,1990
236,2,2036
236,3,2016
236,4,1973
236,5,2029
236,6,1953
236,7,1996
236,8,2036
236,9,2024
236,10,1944
236,11,2005
236,12,1994
236,13,1972
236,14,1989
236,15,2047
236,16,2023
236,17,2007
236,18,8052
236,19,8091
236,20,7928
236,21,7995
236,22,1972
236,23,1973
237,0,1991
237,1,1946
237,2,1946
237,3,2085
237,4,2036
237,5,1984
237,6,1981
237,7,1984
237,8,1974
237,9,2076
237,10,1956
237,11,2054
237,12,1994
237,13,1994
237,14,1925
237,15,1962
237,16,2060
237,17,1978
237,18,8085
237,19,7992
237,20,7957
237,21,8005
237,22,2003
237,23,1979
238,0,2011
238,1,2028
238,2,1983
238,3,2113
238,4,2016
238,5,2006
238,6,2035
238,7,2007
238,8,1937
238,9,1979
238,10,2021
238,11,1984
238,12,1999
238,13,2063
238,14,2063
238,15,2056
238,16,2009
238,17,2040
238,18,8013
238,19,8105
238,20,7971
238,21,7810
238,22,2058
238,23,1991
239,0,1991
239,1,1992
239,2,2017
239,3,1994
239,4,2004
239,5,2021
239,6,2007
239,7,1951
239,8,1971
239,9,1968
239,10,2003
239,11,2062
239,12,1993
239,13,2015
239,14,1990
239,15,2047
239,16,1910
239,17,1991
239,18,8032
239,19,8001
239,20,8091
239,21,7822
239,22,1951
239,23,1954
240,0,1929
240,1,1980
240,2,2095
240,3,1995
240,4,2071
240,5,1920
240,6,1985
240,7,2025
240,8,1983
240,9,2156
240,10,2098
240,11,1950
240,12,2008
240,13,2032
240,14,2052
240,15,1989
240,16,2010
240,17,2105
240,18,8012
240,19,7767
240,20,7910
240,21,7948
240,22,1990
240,23,2005
241,0,2017
241,1,1991
241,2,1991
241,3,1953
241,4,2081
241,5,1970
241,6,2046
241,7,2042
241,8,1982
241,9,2014
241,10,2074
241,11,1988
241,12,1954
241,13,2102
241,14,2046
241,15,1969
241,16,1998
241,17,1962
241,18,7959
241,19,8051
241,20,7912
241,21,7903
241,22,1950
241,23,1978
242,0,1958
242,1,1958
242,2,2028
242,3,1985
242,4,2139
242,5,1961
242,6,1928
242,7,2010
242,8,1978
242,9,2114
242,10,2020
242,11,1914
242,12,1934
242,13,1952
242,14,2027
242,15,2022
242,16,2015
242,17,2089
242,18,8125
242,19,8211
242,20,7970
242,21,7873
242,22,2095
242,23,2029
243,0,1968
243,1,1964
243,2,1953
243,3,2074
243,4,2005
243,5,2005
243,6,1976
243,7,1987
243,8,2008
243,9,2004
243,10,1985
243,11,1961
243,12,2035
243,13,1973
243,14,1929
243,15,1936
243,16,2000
243,17,1964
243,18,8100
243,19,7837
243,20,8015
243,21,7960
243,22,2007
243,23,2001
244,0,2016
244,1,1947
244,2,2023
244,3,1975
244,4,2050
244,5,1991
244,6,2040
244,7,1992
244,8,1989
244,9,1936
244,10,1894
244,11,2048
244,12,2023
244,13,1964
244,14,1963
244,15,1947
244,16,2030
244,17,1979
244,18,8020
244,19,8061
244,20,7958
244,21,7919
244,22,1930
244,23,1877
245,0,2033
245,1,2022
245,2,2010
245,3,1951
245,4,1952
245,5,2028
245,6,2005
245,7,1990
245,8,2038
245,9,2016
245,10,2007
245,11,2061
245,12,1972
245,13,2004
245,14,2006
245,15,1977
245,16,1980
245,17,2002
245,18,8009
245,19,8030
245,20,8010
245,21,8169
245,22,1974
245,23,1955
246,0,2000
246,1,1957
246,2,2063
246,3,2024
246,4,2009
246,5,2021
246,6,1999
246,7,1977
246,8,1954
246,9,2001
246,10,1989
246,11,2054
246,12,1986
246,13,2049
246,14,1975
246,15,2008
246,16,2005
246,17,1991
246,18,8136
246,19,8115
246,20,8117
246,21,7934
246,22,1981
246,23,1976
247,0,1950
247,1,2045
247,2,2053
247,3,1995
247,4,2067
247,5,2017
247,6,1925
247,7,2031
247,8,1993
247,9,2014
247,10,2016
247,11,1912
247,12,1963
247,13,1904
247,14,2006
247,15,1893
247,16,1983
247,17,1968
247,18,8039
247,19,7909
247,20,7879
247,21,7756
247,22,2076
247,23,1922
248,0,2061
248,1,2086
248,2,2050
248,3,2058
248,4,1980
248,5,1968
248,6,1935
248,7,1972
248,8,1986
248,9,1978
248,10,2054
248,11,1984
248,12,2073
248,13,1962
248,14,1985
248,15,2049
248,16,2040
248,17,2065
248,18,7980
248,19,7964
248,20,8041
248,21,8007
248,22,1963
248,23,1948
249,0,1966
249,1,1996
249,2,1929
249,3,1991
249,4,2026
249,5,2015
249,6,2004
249,7,1964
249,8,2054
249,9,1968
249,10,2028
249,11,2082
249,12,1983
249,13,1962
249,14,1950
249,15,1939
249,16,2006
249,17,1978
249,18,7999
249,19,8067
249,20,7788
249,21,7992
249,22,1967
249,23,1989
250,0,1942
250,1,2007
250,2,2049
250,3,2006
250,4,2074
250,5,1986
250,6,1995
250,7,1984
250,8,2049
250,9,1996
250,10,1961
250,11,2010
250,12,2055
250,13,1980
250,14,2045
250,15,2043
250,16,1955
250,17,1928
250,18,7825
250,19,8026
250,20,7976
250,21,7924
250,22,1946
250,23,2086
251,0,2005
251,1,1976
251,2,1948
251,3,1958
251,4,1973
251,5,2095
251,6,1963
251,7,2077
251,8,1994
251,9,2007
251,10,1955
251,11,1996
251,12,1984
251,13,1962
251,14,2007
251,15,1977
251,16,1999
251,17,1936
251,18,7996
251,19,8103
251,20,7988
251,21,7999
251,22,1954
251,23,1946
252,0,2021
252,1,2034
252,2,2014
252,3,2002
252,4,2019
252,5,2019
252,6,2029
252,7,2002
252,8,1994
252,9,2012
252,10,1982
252,11,1958
252,12,2038
252,13,2014
252,14,1996
252,15,1993
252,16,2066
252,17,1950
252,18,7856
252,19,7967
252,20,7988
252,21,8184
252,22,2051
252,23,2041
253,0,2009
253,1,1972
253,2,1999
253,3,2036
253,4,2017
253,5,2098
253,6,1962
253,7,2097
253,8,2033
253,9,1997
253,10,2008
253,11,1989
253,12,2040
253,13,1955
253,14,2007
253,15,1975
253,16,1995
253,17,1961
253,18,7911
253,19,7958
253,20,8060
253,21,8144
253,22,1950
253,23,1969
254,0,2020
254,1,1930
254,2,2031
254,3,1922
254,4,1966
254,5,1956
254,6,1977
254,7,1954
254,8,2041
254,9,1926
254,10,2035
254,11,2009
254,12,2037
254,13,2061
254,14,1988
254,15,2041
254,16,1981
254,17,1968
254,18,8055
254,19,8065
254,20,7932
254,21,8033
254,22,2060
254,23,2071
255,0,2066
255,1,2042
255,2,1987
255,3,1972
255,4,2044
255,5,1975
255,6,2011
255,7,1967
255,8,2020
255,9,1953
255,10,2013
255,11,1999
255,12,1987
255,13,1987
255,14,1995
255,15,1941
255,16,1970
255,17,1991
255,18,8053
255,19,8008
255,20,7889
255,21,7943
255,22,1918
255,23,2003
256,0,1975
256,1,1974
256,2,2030
256,3,2042
256,4,2015
256,5,2039
256,6,2018
256,7,1987
256,8,2002
256,9,2022
256,10,1998
256,11,2020
256,12,1966
256,13,2022
256,14,1958
256,15,2036
256,16,1972
256,17,2007
256,18,8025
256,19,8245
256,20,7933
256,21,8030
256,22,2002
256,23,2078
257,0,2054
257,1,2053
257,2,2010
257,3,1997
257,4,2043
257,5,2080
257,6,1952
257,7,1965
257,8,2007
257,9,1882
257,10,2049
257,11,1982
257,12,2015
257,13,2023
257,14,1991
257,15,1947
257,16,1929
257,17,1964
257,18,7844
257,19,8008
257,20,7846
257,21,8038
257,22,1969
257,23,2086
258,0,2037
258,1,2036
258,2,1958
258,3,2036
258,4,2041
258,5,2013
258,6,1937
258,7,1967
258,8,2116
258,9,1939
258,10,1921
258,11,1955
258,12,2056
258,13,2075
258,14,1987
258,15,1919
258,16,2020
258,17,1986
258,18,8000
258,19,8097
258,20,7933
258,21,7937
258,22,2095
258,23,2128
259,0,2046
259,1,1981
259,2,2011
259,3,2020
259,4,1913
259,5,1990
259,6,2063
259,7,2009
259,8,1972
259,9,2003
259,10,2016
259,11,1955
259,12,1922
259,13,2073
259,14,2020
259,15,2023
259,16,1962
259,17,1999
259,18,7976
259,19,8004
259,20,8070
259,21,8250
259,22,2042
259,23,2006
260,0,1980
260,1,1946
260,2,2012
260,3,1977
260,4,1955
260,5,1955
260,6,2034
260,7,2110
260,8,1990
260,9,2026
260,10,2008
260,11,2025
260,12,2026
260,13,1972
260,14,2039
260,15,2008
260,16,2046
260,17,2048
260,18,7910
260,19,7942
260,20,7961
260,21,8042
260,22,2019
260,23,2023
261,0,2025
261,1,2020
261,2,1991
261,3,2027
261,4,1976
261,5,2025
261,6,1980
261,7,2005
261,8,2001
261,9,2021
261,10,1945
261,11,2018
261,12,1988
261,13,2035
261,14,2061
261,15,2055
261,16,1935
261,17,2028
261,18,7999
261,19,7950
261,20,7903
261,21,8076
261,22,2023
261,23,2085
262,0,1976
262,1,1921
262,2,1930
262,3,2059
262,4,2008
262,5,1995
262,6,1973
262,7,1990
262,8,1999
262,9,1932
262,10,1948
262,11,2030
262,12,1996
262,13,2037
262,14,2045
262,15,1995
262,16,2080
262,17,1970
262,18,7971
262,19,7846
262,20,7932
262,21,7985
262,22,2003
262,23,2002
263,0,1933
263,1,1958
263,2,2090
263,3,2001
263,4,2044
263,5,2053
263,6,2035
263,7,1931
263,8,1997
263,9,1973
263,10,1947
263,11,1991
263,12,1997
263,13,2031
263,14,2100
263,15,2067
263,16,2000
263,17,1952
263,18,7912
263,19,7910
263,20,8084
263,21,8130
263,22,2025
263,23,1994
264,0,1917
264,1,2039
264,2,2037
264,3,1960
264,4,2039
264,5,2045
264,6,2000
264,7,1948
264,8,1925
264,9,1997
264,10,1946
264,11,1958
264,12,1962
264,13,2020
264,14,2038
264,15,1941
264,16,2060
264,17,1947
264,18,8033
264,19,7977
264,20,7946
264,21,7888
264,22,1937
264,23,2010
265,0,1983
265,1,1977
265,2,1947
265,3,1955
265,4,1942
265,5,1969
265,6,1930
265,7,2060
265,8,2021
265,9,1920
265,10,2059
265,11,2036
265,12,2079
265,13,2051
265,14,1974
265,15,2087
265,16,1973
265,17,2048
265,18,8090
265,19,7965
265,20,7853
265,21,8001
265,22,2081
265,23,2038
266,0,1912
266,1,2004
266,2,2044
266,3,2007
266,4,2014
266,5,2014
266,6,2032
266,7,2138
266,8,2103
266,9,2022
266,10,1985
266,11,2027
266,12,2006
266,13,2077
266,14,2029
266,15,2020
266,16,1977
266,17,1946
266,18,7961
266,19,8131
266,20,8011
266,21,8126
266,22,1997
266,23,1983
267,0,1956
267,1,2032
267,2,1965
267,3,1975
267,4,2011
267,5,1926
267,6,1986
267,7,2074
267,8,1968
267,9,1923
267,10,1919
267,11,1959
267,12,2058
267,13,1961
267,14,2029
267,15,2037
267,16,1980
267,17,2034
267,18,7797
267,19,8125
267,20,8170
267,21,8172
267,22,1933
267,23,1986
268,0,1999
268,1,2110
268,2,2060
268,3,1999
268,4,1987
268,5,2048
268,6,2003
268,7,1909
268,8,2038
268,9,2014
268,10,2057
268,11,1978
268,12,1954
268,13,1989
268,14,2003
268,15,2008
268,16,1975
268,17,2036
268,18,7934
268,19,8000
268,20,8041
268,21,8059
268,22,1996
268,23,1994
269,0,2037
269,1,2004
269,2,1979
269,3,1945
269,4,1998
269,5,1995
269,6,2039
269,7,2012
269,8,2046
269,9,1998
269,10,1987
269,11,1948
269,12,1927
269,13,2037
269,14,2039
269,15,2002
269,16,1986
269,17,2023
269,18,8009
269,19,7933
269,20,8077
269,21,8128
269,22,1983
269,23,1995
270,0,1978
270,1,2020
270,2,2061
270,3,1956
270,4,2013
270,5,1969
270,6,2026
270,7,2004
270,8,2035
270,9,2040
270,10,2061
270,11,2047
270,12,1961
270,13,1983
270,14,1997
270,15,2023
270,16,2051
270,17,1978
270,18,7888
270,19,7892
270,20,8038
270,21,8000
270,22,1935
270,23,1952
271,0,1955
271,1,1988
271,2,2003
271,3,2029
271,4,2041
271,5,1980
271,6,2107
271,7,2048
271,8,2044
271,9,1956
271,10,1942
271,11,1958
271,12,2005
271,13,2074
271,14,2005
271,15,1969
271,16,1988
271,17,2006
271,18,8008
271,19,8170
271,20,7911
271,21,8029
271,22,1981
271,23,2075
272,0,2010
272,1,2084
272,2,2138
272,3,1949
272,4,2005
272,5,1911
272,6,2058
272,7,2064
272,8,2044
272,9,1937
272,10,1995
272,11,1965
272,12,2003
272,13,1992
272,14,2002
272,15,2030
272,16,2009
272,17,2081
272,18,7990
272,19,7915
272,20,8110
272,21,7993
272,22,2050
272,23,1968
273,0,1997
273,1,2066
273,2,2061
273,3,1993
273,4,2032
273,5,1927
273,6,1994
273,7,2017
273,8,1959
273,9,1972
273,10,1988
273,11,2091
273,12,1918
273,13,1972
273,14,1967
273,15,2000
273,16,2011
273,17,1993
273,18,7957
273,19,7949
273,20,7973
273,21,8002
273,22,2017
273,23,1994
274,0,2044
274,1,2027
274,2,1989
274,3,1953
274,4,1962
274,5,1963
274,6,2042
274,7,2012
274,8,2050
274,9,2034
274,10,1996
274,11,2000
274,12,2011
274,13,1971
274,14,1940
274,15,2031
274,16,2023
274,17,1940
274,18,7913
274,19,7970
274,20,8076
274,21,8049
274,22,2046
274,23,2010
275,0,1990
275,1,1992
275,2,2024
275,3,1929
275,4,1920
275,5,2005
275,6,1944
275,7,1921
275,8,2029
275,9,1994
275,10,1867
275,11,1967
275,12,2032
275,13,1986
275,14,2039
275,15,2032
275,16,2032
275,17,2078
275,18,8003
275,19,8175
275,20,7883
275,21,7882
275,22,2008
275,23,1918
276,0,2038
276,1,1983
276,2,1998
276,3,1940
276,4,1898
276,5,1994
276,6,2009
276,7,2040
276,8,2012
276,9,2064
276,10,2014
276,11,2000
276,12,2060
276,13,1985
276,14,1991
276,15,1989
276,16,1959
276,17,2006
276,18,8051
276,19,7935
276,20,8071
276,21,8082
276,22,2022
276,23,2090
277,0,1964
277,1,2035
277,2,1953
277,3,2024
277,4,2000
277,5,2008
277,6,1955
277,7,1967
277,8,2000
277,9,1915
277,10,2057
277,11,2001
277,12,1956
277,13,1969
277,14,1925
277,15,1932
277,16,1974
277,17,1998
277,18,8038
277,19,8028
277,20,7970
277,21,8115
277,22,2004
277,23,1949
278,0,2029
278,1,1945
278,2,1981
278,3,2058
278,4,1925
278,5,1996
278,6,1945
278,7,1964
278,8,1929
278,9,1932
278,10,2085
278,11,2015
278,12,2084
278,13,1889
278,14,1921
278,15,2022
278,16,1985
278,17,1965
278,18,8088
278,19,8024
278,20,7924
278,21,7989
278,22,2012
278,23,1974
279,0,2022
279,1,1996
279,2,1955
279,3,2057
279,4,1917
279,5,2011
279,6,2036
279,7,2069
279,8,1960
279,9,2022
279,10,1906
279,11,2009
279,12,2002
279,13,1956
279,14,2018
279,15,2055
279,16,2072
279,17,2037
279,18,7938
279,19,8056
279,20,8056
279,21,8179
279,22,2027
279,23,2107
280,0,2000
280,1,1965
280,2,1967
280,3,1993
280,4,1994
280,5,1973
280,6,1895
280,7,2010
280,8,1951
280,9,2034
280,10,2103
280,11,1977
280,12,2003
280,13,1938
280,14,2038
280,15,1990
280,16,1960
280,17,1971
280,18,7931
280,19,8092
280,20,7916
280,21,8035
280,22,1992
280,23,1998
281,0,2042
281,1,1943
281,2,2071
281,3,2055
281,4,2003
281,5,2055
281,6,1964
281,7,1946
281,8,2048
281,9,1955
281,10,2076
281,11,1933
281,12,1984
281,13,1992
281,14,1997
281,15,1948
281,16,2044
281,17,2042
281,18,7914
281,19,8036
281,20,8079
281,21,8085
281,22,2022
281,23,2009
282,0,2018
282,1,1954
282,2,1963
282,3,1982
282,4,1984
282,5,1988
282,6,1981
282,7,2088
282,8,2077
282,9,2005
282,10,2026
282,11,1980
282,12,2026
282,13,1977
282,14,2068
282,15,2016
282,16,1962
282,17,2020
282,18,8026
282,19,8106
282,20,7900
282,21,7904
282,22,2035
282,23,2039
283,0,1962
283,1,2019
283,2,2011
283,3,2003
283,4,1996
283,5,2027
283,6,1969
283,7,2029
283,8,1986
283,9,1962
283,10,2019
283,11,1985
283,12,2012
283,13,1987
283,14,2063
283,15,1944
283,16,2051
283,17,2056
283,18,7910
283,19,8047
283,20,8102
283,21,8097
283,22,2064
283,23,2092
284,0,1963
284,1,1996
284,2,1947
284,3,1972
284,4,2077
284,5,1982
284,6,2004
284,7,2016
284,8,2052
284,9,2085
284,10,2031
284,11,1976
284,12,2034
284,13,2062
284,14,2025
284,15,1947
284,16,1998
284,17,1977
284,18,7921
284,19,8174
284,20,8028
284,21,8113
284,22,2015
284,23,2012
285,0,1993
285,1,2042
285,2,2027
285,3,2056
285,4,2002
285,5,1995
285,6,1996
285,7,1992
285,8,2008
285,9,1956
285,10,2057
285,11,2024
285,12,1951
285,13,1983
285,14,2048
285,15,2067
285,16,2033
285,17,1904
285,18,8029
285,19,8002
285,20,8064
285,21,8212
285,22,2014
285,23,2015
286,0,2030
286,1,2054
286,2,1980
286,3,2000
286,4,2007
286,5,1986
286,6,1988
286,7,1982
286,8,2021
286,9,2037
286,10,1997
286,11,1972
286,12,2065
286,13,1996
286,14,1906
286,15,1995
286,16,1982
286,17,2004
286,18,8084
286,19,8007
286,20,7854
286,21,8145
286,22,1968
286,23,1971
287,0,2004
287,1,1989
287,2,2033
287,3,2019
287,4,1999
287,5,1933
287,6,1980
287,7,2076
287,8,2077
287,9,2003
287,10,2042
287,11,1969
287,12,2002
287,13,1948
287,14,2059
287,15,2060
287,16,1951
287,17,1995
287,18,8083
287,19,8186
287,20,7917
287,21,7872
287,22,1959
287,23,1936
288,0,2020
288,1,2028
288,2,1937
288,3,1942
288,4,2034
288,5,1979
288,6,2012
288,7,1968
288,8,2040
288,9,2024
288,10,2008
288,11,1969
288,12,2058
288,13,2006
288,14,1991
288,15,2043
288,16,1995
288,17,2014
288,18,8124
288,19,7982
288,20,7976
288,21,8016
288,22,2049
288,23,1995
289,0,2067
289,1,1966
289,2,2044
289,3,1956
289,4,2038
289,5,2031
289,6,1987
289,7,1965
289,8,1974
289,9,1999
289,10,2026
289,11,2006
289,12,2015
289,13,2015
289,14,1957
289,15,2072
289,16,1974
289,17,2074
289,18,8093
289,19,8072
289,20,8166
289,21,7926
289,22,1953
289,23,2004
290,0,1971
290,1,2053
290,2,2016
290,3,1973
290,4,1988
290,5,1959
290,6,1990
290,7,2011
290,8,1922
290,9,1932
290,10,1982
290,11,1987
290,12,2037
290,13,2078
290,14,1997
290,15,1986
290,16,2035
290,17,2078
290,18,8001
290,19,7934
290,20,7958
290,21,7975
290,22,2076
290,23,1996
291,0,2018
291,1,1930
291,2,1994
291,3,1975
291,4,2072
291,5,2021
291,6,1938
291,7,1935
291,8,2006
291,9,1944
291,10,2017
291,11,2006
291,12,1983
291,13,1962
291,14,2075
291,15,1932
291,16,1966
291,17,2019
291,18,7932
291,19,7959
291,20,8084
291,21,7915
291,22,1949
291,23,1983
292,0,1942
292,1,1999
292,2,2009
292,3,1992
292,4,1945
292,5,2063
292,6,1937
292,7,2014
292,8,1984
292,9,2028
292,10,1913
292,11,1916
292,12,2041
292,13,1925
292,14,1973
292,15,1967
292,16,2031
292,17,1994
292,18,8086
292,19,8137
292,20,8019
292,21,7954
292,22,1893
292,23,2030
293,0,1947
293,1,1953
293,2,1949
293,3,1963
293,4,2053
293,5,2011
293,6,2008
293,7,2059
293,8,1977
293,9,2020
293,10,1995
293,11,1951
293,12,1919
293,13,1975
293,14,2034
293,15,2025
293,16,2001
293,17,2054
293,18,7940
293,19,8047
293,20,7771
293,21,7954
293,22,1968
293,23,1957
294,0,2086
294,1,1958
294,2,2085
294,3,2041
294,4,2050
294,5,1968
294,6,2047
294,7,2064
294,8,1964
294,9,1948
294,10,1978
294,11,1882
294,12,2064
294,13,1988
294,14,1983
294,15,1966
294,16,1992
294,17,2011
294,18,7935
294,19,7928
294,20,7998
294,21,8198
294,22,1978
294,23,1947
295,0,2036
295,1,2005
295,2,2007
295,3,2009
295,4,2022
295,5,2006
295,6,1985
295,7,2062
295,8,2086
295,9,2027
295,10,1996
295,11,1953
295,12,2020
295,13,2065
295,14,2003
295,15,2033
295,16,2014
295,17,2089
295,18,8018
295,19,8066
295,20,7993
295,21,7993
295,22,2003
295,23,1891
296,0,1986
296,1,1959
296,2,1999
296,3,1936
296,4,2044
296,5,2027
296,6,1966
296,7,1995
296,8,2057
296,9,2034
296,10,1985
296,11,2011
296,12,1936
296,13,1982
296,14,2078
296,15,2008
296,16,2035
296,17,2016
296,18,8101
296,19,7983
296,20,7964
296,21,7879
296,22,1903
296,23,1919
297,0,1929
297,1,1969
297,2,2060
297,3,1968
297,4,2039
297,5,2007
297,6,2035
297,7,2009
297,8,2019
297,9,1971
297,10,2025
297,11,1999
297,12,1996
297,13,2019
297,14,2005
297,15,2039
297,16,1996
297,17,1894
297,18,7974
297,19,8095
297,20,8177
297,21,7946
297,22,2048
297,23,1964
298,0,2001
298,1,2064
298,2,2071
298,3,2033
298,4,2071
298,5,1958
298,6,1991
298,7,2095
298,8,1994
298,9,1997
298,10,2040
298,11,1981
298,12,2008
298,13,2011
298,14,1974
298,15,1966
298,16,2005
298,17,2014
298,18,7980
298,19,7994
298,20,7985
298,21,7798
298,22,2010
298,23,2008
299,0,2054
299,1,1994
299,2,1945
299,3,1975
299,4,2022
299,5,2007
299,6,2084
299,7,2028
299,8,2017
299,9,2039
299,10,2088
299,11,2025
299,12,2134
299,13,2000
299,14,1977
299,15,1942
299,16,2055
299,17,1977
299,18,7891
299,19,7850
299,20,7895
299,21,8059
299,22,2029
299,23,1935
300,0,1994
300,1,2000
300,2,1974
300,3,2005
300,4,1986
300,5,2025
300,6,1979
300,7,1931
300,8,2032
300,9,1992
300,10,2079
300,11,1955
300,12,2109
300,13,2024
300,14,1985
300,15,2082
300,16,2041
300,17,1960
300,18,7906
300,19,7945
300,20,8088
300,21,7908
300,22,1875
300,23,1976
301,0,2045
301,1,1967
301,2,1964
301,3,2000
301,4,1989
301,5,1985
301,6,2017
301,7,1972
301,8,1983
301,9,2017
301,10,1876
301,11,1956
301,12,1991
301,13,1965
301,14,2062
301,15,2070
301,16,1957
301,17,2027
301,18,7910
301,19,8067
301,20,8038
301,21,7960
301,22,2005
301,23,2034
302,0,1980
302,1,1982
302,2,2008
302,3,1923
302,4,2002
302,5,1907
302,6,1980
302,7,1982
302,8,2055
302,9,2020
302,10,1991
302,11,2011
302,12,1989
302,13,1927
302,14,1948
302,15,2004
302,16,1919
302,17,2003
302,18,8118
302,19,7960
302,20,7932
302,21,8030
302,22,1989
302,23,1995
303,0,2010
303,1,1991
303,2,2061
303,3,1964
303,4,1999
303,5,1977
303,6,2028
303,7,2008
303,8,2031
303,9,2022
303,10,1965
303,11,2003
303,12,1969
303,13,1993
303,14,1972
303,15,2044
303,16,1974
303,17,2026
303,18,8048
303,19,7973
303,20,7898
303,21,7859
303,22,2048
303,23,2070
304,0,2052
304,1,2023
304,2,1965
304,3,1951
304,4,1962
304,5,1998
304,6,2031
304,7,1979
304,8,1971
304,9,2045
304,10,1924
304,11,1990
304,12,1983
304,13,1882
304,14,1985
304,15,1862
304,16,1986
304,17,1931
304,18,7958
304,19,7946
304,20,7948
304,21,8029
304,22,1964
304,23,2012
305,0,1960
305,1,2061
305,2,2016
305,3,2059
305,4,1998
305,5,2029
305,6,1953
305,7,2050
305,8,2007
305,9,1992
305,10,1935
305,11,2034
305,12,1976
305,13,1988
305,14,2017
305,15,2014
305,16,2035
305,17,2020
305,18,7998
305,19,7899
305,20,8195
305,21,8036
305,22,2045
305,23,2033
306,0,2069
306,1,2003
306,2,1977
306,3,2066
306,4,2031
306,5,1896
306,6,2026
306,7,2022
306,8,1984
306,9,1950
306,10,1889
306,11,1984
306,12,2020
306,13,2020
306,14,1954
306,15,2018
306,16,1988
306,17,1960
306,18,7915
306,19,7960
306,20,7926
306,21,8018
306,22,1954
306,23,2010
307,0,1990
307,1,1998
307,2,1999
307,3,2008
307,4,1946
307,5,1999
307,6,1987
307,7,2048
307,8,1980
307,9,2019
307,10,2052
307,11,2000
307,12,2098
307,13,1945
307,14,1861
307,15,1987
307,16,2058
307,17,2008
307,18,7921
307,19,8069
307,20,8115
307,21,7925
307,22,2016
307,23,2029
308,0,2011
308,1,2015
308,2,2015
308,3,2083
308,4,1925
308,5,1969
308,6,1973
308,7,2006
308,8,2029
308,9,2039
308,10,2039
308,11,2024
308,12,2022
308,13,2053
308,14,1947
308,15,2032
308,16,2077
308,17,2014
308,18,8065
308,19,7998
308,20,7936
308,21,7946
308,22,1975
308,23,2015
309,0,2032
309,1,1866
309,2,2041
309,3,2010
309,4,1967
309,5,2055
309,6,2000
309,7,2049
309,8,2002
309,9,1961
309,10,2051
309,11,2042
309,12,2044
309,13,1956
309,14,2024
309,15,1991
309,16,2002
309,17,1953
309,18,8086
309,19,8007
309,20,8071
309,21,8108
309,22,2019
309,23,2006
310,0,2019
310,1,1989
310,2,1986
310,3,1919
310,4,1999
310,5,1982
310,6,2060
310,7,2011
310,8,1979
310,9,1945
310,10,2005
310,11,2048
310,12,1992
310,13,2030
310,14,2024
310,15,2070
310,16,2011
310,17,1978
310,18,8005
310,19,7917
310,20,7916
310,21,8003
310,22,2011
310,23,1935
311,0,2012
311,1,2009
311,2,2030
311,3,2012
311,4,2070
311,5,2047
311,6,2017
311,7,2044
311,8,1977
311,9,2067
311,10,2026
311,11,2025
311,12,2048
311,13,1993
311,14,1969
311,15,1984
311,16,2045
311,17,1960
311,18,8044
311,19,8005
311,20,7857
311,21,7925
311,22,2000
311,23,2033
312,0,2005
312,1,1966
312,2,2014
312,3,2027
312,4,1916
312,5,2087
312,6,1971
312,7,1993
312,8,1982
312,9,2067
312,10,2105
312,11,2092
312,12,1885
312,13,1994
312,14,2021
312,15,2032
312,16,1990
312,17,1951
312,18,7824
312,19,8031
312,20,7901
312,21,7902
312,22,1965
312,23,2060
313,0,2031
313,1,1983
313,2,1955
313,3,2058
313,4,1922
313,5,2113
313,6,2019
313,7,1950
313,8,2064
313,9,2014
313,10,2032
313,11,2048
313,12,2004
313,13,2033
313,14,1973
313,15,2026
313,16,1951
313,17,1965
313,18,7864
313,19,8082
313,20,7945
313,21,7946
313,22,1917
313,23,2006
314,0,1984
314,1,2004
314,2,2027
314,3,2045
314,4,2064
314,5,2065
314,6,1992
314,7,2085
314,8,2082
314,9,2014
314,10,1976
314,11,2028
314,12,1971
314,13,1996
314,14,2041
314,15,2054
314,16,2021
314,17,2002
314,18,7958
314,19,7996
314,20,7868
314,21,8002
314,22,1960
314,23,1925
315,0,2009
315,1,2003
315,2,2009
315,3,1958
315,4,2002
315,5,1996
315,6,2029
315,7,1962
315,8,2066
315,9,2045
315,10,2006
315,11,2034
315,12,1981
315,13,2015
315,14,2009
315,15,1945
315,16,2032
315,17,1995
315,18,7867
315,19,8017
315,20,8083
315,21,8007
315,22,1928
315,23,2121
316,0,2034
316,1,1978
316,2,2049
316,3,2017
316,4,1921
316,5,2030
316,6,2031
316,7,2033
316,8,1991
316,9,2020
316,10,1925
316,11,2005
316,12,1961
316,13,1951
316,14,1998
316,15,1946
316,16,1988
316,17,2037
316,18,8030
316,19,8016
316,20,8085
316,21,8025
316,22,2053
316,23,2031
317,0,1983
317,1,2001
317,2,2040
317,3,2049
317,4,2026
317,5,2006
317,6,2011
317,7,2067
317,8,2049
317,9,1991
317,10,1990
317,11,2036
317,12,1995
317,13,1961
317,14,1988
317,15,1955
317,16,1981
317,17,1947
317,18,7867
317,19,7863
317,20,8017
317,21,7979
317,22,1931
317,23,2002
318,0,2033
318,1,2034
318,2,2016
318,3,2026
318,4,1943
318,5,2015
318,6,2079
318,7,2146
318,8,2009
318,9,2003
318,10,2010
318,11,2031
318,12,2037
318,13,1960
318,14,1922
318,15,1975
318,16,2001
318,17,1954
318,18,7981
318,19,8017
318,20,8089
318,21,8071
318,22,2034
318,23,2067
319,0,1972
319,1,1976
319,2,1999
319,3,2003
319,4,1966
319,5,2002
319,6,1939
319,7,1984
319,8,1986
319,9,1977
319,10,2016
319,11,2029
319,12,1993
319,13,1965
319,14,2008
319,15,2059
319,16,2013
319,17,1991
319,18,7822
319,19,8096
319,20,7903
319,21,8021
319,22,2038
319,23,2001
320,0,2000
320,1,2067
320,2,1985
320,3,2014
320,4,2000
320,5,2006
320,6,2040
320,7,2031
320,8,1952
320,9,1957
320,10,2031
320,11,2041
320,12,1993
320,13,1992
320,14,2017
320,15,2039
320,16,2020
320,17,1969
320,18,7941
320,19,8087
320,20,8016
320,21,8152
320,22,2020
320,23,1958
321,0,1969
321,1,1982
321,2,2128
321,3,2030
321,4,1961
321,5,1980
321,6,2016
321,7,2039
321,8,2035
321,9,2060
321,10,1988
321,11,1984
321,12,2027
321,13,1914
321,14,2038
321,15,1972
321,16,1936
321,17,1965
321,18,7900
321,19,7842
321,20,8008
321,21,8009
321,22,2078
321,23,1983
322,0,1946
322,1,2013
322,2,1924
322,3,1988
322,4,1992
322,5,2004
322,6,2066
322,7,1963
322,8,1945
322,9,1976
322,10,2005
322,11,1976
322,12,2097
322,13,1913
322,14,1946
322,15,2015
322,16,1995
322,17,1990
322,18,8077
322,19,7994
322,20,7959
322,21,7964
322,22,2025
322,23,2012
323,0,2026
323,1,2057
323,2,1994
323,3,2083
323,4,2078
323,5,1968
323,6,1997
323,7,1997
323,8,1964
323,9,2077
323,10,2014
323,11,2001
323,12,1952
323,13,1945
323,14,1920
323,15,2022
323,16,2032
323,17,2085
323,18,8015
323,19,7977
323,20,7909
323,21,8059
323,22,2062
323,23,2018
324,0,1996
324,1,2084
324,2,1944
324,3,2099
324,4,2002
324,5,1994
324,6,2041
324,7,2054
324,8,1989
324,9,1986
324,10,2078
324,11,1981
324,12,2018
324,13,2007
324,14,2031
324,15,2021
324,16,2040
324,17,2010
324,18,7990
324,19,7702
324,20,7830
324,21,8000
324,22,1934
324,23,1976
325,0,2020
325,1,1982
325,2,1969
325,3,1963
325,4,2039
325,5,1954
325,6,2050
325,7,1977
325,8,1940
325,9,1920
325,10,1990
325,11,1892
325,12,2035
325,13,2029
325,14,1990
325,15,2102
325,16,1998
325,17,2019
325,18,8034
325,19,8067
325,20,7990
325,21,7989
325,22,1998
325,23,1970
326,0,1980
326,1,1922
326,2,1974
326,3,2009
326,4,1956
326,5,1923
326,6,1999
326,7,2019
326,8,2001
326,9,2002
326,10,2028
326,11,2009
326,12,2024
326,13,2016
326,14,2001
326,15,2027
326,16,2012
326,17,1949
326,18,8054
326,19,7942
326,20,8140
326,21,7823
326,22,1940
326,23,2018
327,0,2040
327,1,1985
327,2,1989
327,3,2032
327,4,2061
327,5,1945
327,6,2057
327,7,1972
327,8,1979
327,9,1965
327,10,2068
327,11,1955
327,12,1951
327,13,2005
327,14,1997
327,15,1954
327,16,2021
327,17,2024
327,18,7957
327,19,7977
327,20,8044
327,21,7962
327,22,1941
327,23,2032
328,0,2009
328,1,1938
328,2,2030
328,3,1939
328,4,2018
328,5,1980
328,6,1952
328,7,1987
328,8,2028
328,9,1971
328,10,2049
328,11,1981
328,12,1922
328,13,1991
328,14,1964
328,15,1936
328,16,1965
328,17,2067
328,18,7972
328,19,8144
328,20,7987
328,21,7952
328,22,1968
328,23,2112
329,0,1959
329,1,1971
329,2,2061
329,3,1913
329,4,2014
329,5,1996
329,6,2053
329,7,2046
329,8,2023
329,9,1937
329,10,1961
329,11,1982
329,12,1963
329,13,1991
329,14,1903
329,15,2040
329,16,2055
329,17,1996
329,18,7963
329,19,8029
329,20,8013
329,21,7976
329,22,2093
329,23,1972
330,0,2041
330,1,1924
330,2,2002
330,3,2105
330,4,2031
330,5,1964
330,6,1999
330,7,1972
330,8,1998
330,9,1955
330,10,1976
330,11,2039
330,12,1981
330,13,2092
330,14,1947
330,15,1934
330,16,2002
330,17,1906
330,18,8138
330,19,7994
330,20,7973
330,21,8020
330,22,1951
330,23,2014
331,0,1934
331,1,1983
331,2,1969
331,3,2008
331,4,1983
331,5,1951
331,6,1987
331,7,2035
331,8,2009
331,9,2051
331,10,2020
331,11,2019
331,12,2015
331,13,1986
331,14,1988
331,15,1991
331,16,2036
331,17,1915
331,18,8125
331,19,7954
331,20,7842
331,21,7931
331,22,1992
331,23,2005
332,0,2051
332,1,1991
332,2,1896
332,3,1913
332,4,2005
332,5,2005
332,6,1992
332,7,1995
332,8,2030
332,9,2032
332,10,1994
332,11,2028
332,12,1973
332,13,2031
332,14,2036
332,15,2025
332,16,2019
332,17,1996
332,18,8119
332,19,7959
332,20,8020
332,21,8094
332,22,1959
332,23,2003
333,0,1978
333,1,1997
333,2,2025
333,3,1994
333,4,2051
333,5,2001
333,6,2027
333,7,1996
333,8,2032
333,9,2006
333,10,1993
333,11,2052
333,12,2053
333,13,1947
333,14,2047
333,15,1942
333,16,2064
333,17,1989
333,18,7848
333,19,8022
333,20,7916
333,21,8039
333,22,2058
333,23,1912
334,0,2014
334,1,1906
334,2,1977
334,3,2024
334,4,2047
334,5,1986
334,6,1983
334,7,1941
334,8,2006
334,9,1970
334,10,1921
334,11,1944
334,12,1984
334,13,1936
334,14,1989
334,15,2001
334,16,1894
334,17,1966
334,18,7981
334,19,8060
334,20,8072
334,21,7965
334,22,1996
334,23,1999
335,0,1988
335,1,1983
335,2,2059
335,3,1962
335,4,1979
335,5,2030
335,6,1902
335,7,2030
335,8,2017
335,9,2031
335,10,1991
335,11,1976
335,12,2028
335,13,1976
335,14,2022
335,15,2045
335,16,2024
335,17,1958
335,18,8051
335,19,7907
335,20,8123
335,21,7940
335,22,2021
335,23,2060
336,0,1880
336,1,1971
336,2,1914
336,3,1950
336,4,1983
336,5,1962
336,6,2009
336,7,2037
336,8,2022
336,9,2064
336,10,1891
336,11,2009
336,12,2006
336,13,1971
336,14,1903
336,15,2025
336,16,2015
336,17,1932
336,18,7966
336,19,8097
336,20,7904
336,21,8063
336,22,2040
336,23,1956
337,0,2033
337,1,1934
337,2,1973
337,3,1947
337,4,2012
337,5,1972
337,6,1932
337,7,1939
337,8,1952
337,9,2022
337,10,2049
337,11,1946
337,12,2037
337,13,1988
337,14,1923
337,15,2006
337,16,2021
337,17,1928
337,18,7897
337,19,8033
337,20,8049
337,21,7894
337,22,2105
337,23,1927
338,0,2054
338,1,2048
338,2,2078
338,3,1983
338,4,2049
338,5,1947
338,6,2018
338,7,1952
338,8,1990
338,9,2000
338,10,1997
338,11,1982
338,12,1996
338,13,2086
338,14,2026
338,15,1964
338,16,2039
338,17,1967
338,18,8025
338,19,7868
338,20,8077
338,21,7965
338,22,1986
338,23,2037
339,0,1985
339,1,2014
339,2,2044
339,3,2001
339,4,2034
339,5,2110
339,6,1969
339,7,1912
339,8,1946
339,9,1948
339,10,1982
339,11,1977
339,12,2092
339,13,1978
339,14,2019
339,15,2018
339,16,2049
339,17,2021
339,18,7815
339,19,7969
339,20,8006
339,21,8064
339,22,1962
339,23,1937
340,0,1984
340,1,2048
340,2,2042
340,3,1905
340,4,2062
340,5,1980
340,6,1999
340,7,2057
340,8,1960
340,9,2009
340,10,2012
340,11,1961
340,12,2013
340,13,1984
340,14,2091
340,15,2032
340,16,1983
340,17,1994
340,18,7981
340,19,8058
340,20,7955
340,21,7912
340,22,1949
340,23,2021
341,0,2058
341,1,1962
341,2,1996
341,3,1941
341,4,2015
341,5,1984
341,6,2009
341,7,1984
341,8,2002
341,9,1992
341,10,2070
341,11,2008
341,12,2014
341,13,1987
341,14,2061
341,15,2005
341,16,1955
341,17,2038
341,18,8123
341,19,8002
341,20,8004
341,21,7884
341,22,2024
341,23,2031
342,0,2016
342,1,2006
342,2,1927
342,3,2006
342,4,2068
342,5,2047
342,6,2029
342,7,1963
342,8,1917
342,9,1995
342,10,1975
342,11,1962
342,12,2002
342,13,1891
342,14,1994
342,15,2028
342,16,1949
342,17,1972
342,18,8000
342,19,7957
342,20,7991
342,21,8108
342,22,2061
342,23,2001
343,0,1936
343,1,2024
343,2,2039
343,3,1938
343,4,1944
343,5,2034
343,6,2020
343,7,1947
343,8,1944
343,9,1949
343,10,2025
343,11,1943
343,12,1976
343,13,1937
343,14,2036
343,15,2029
343,16,2034
343,17,1949
343,18,7965
343,19,8064
343,20,7816
343,21,8053
343,22,1978
343,23,1933
344,0,1977
344,1,2049
344,2,2084
344,3,2079
344,4,2013
344,5,2038
344,6,1999
344,7,1984
344,8,2014
344,9,1992
344,10,1936
344,11,2074
344,12,2033
344,13,1973
344,14,2016
344,15,2048
344,16,2053
344,17,1998
344,18,8097
344,19,7931
344,20,7890
344,21,7957
344,22,2040
344,23,2050
345,0,2013
345,1,1987
345,2,1940
345,3,1994
345,4,1960
345,5,2024
345,6,1953
345,7,2015
345,8,1937
345,9,2030
345,10,1996
345,11,2006
345,12,2024
345,13,1995
345,14,2056
345,15,1967
345,16,1982
345,17,1977
345,18,7784
345,19,7959
345,20,8094
345,21,7843
345,22,2004
345,23,1966
346,0,2080
346,1,1861
346,2,1961
346,3,2052
346,4,2015
346,5,2000
346,6,1994
346,7,2075
346,8,2000
346,9,1951
346,10,1899
346,11,1973
346,12,2038
346,13,1962
346,14,2011
346,15,1991
346,16,2062
346,17,2016
346,18,8053
346,19,8024
346,20,8068
346,21,7951
346,22,1959
346,23,2043
347,0,1997
347,1,1932
347,2,2063
347,3,1946
347,4,2012
347,5,1937
347,6,2025
347,7,2001
347,8,1991
347,9,1966
347,10,2015
347,11,1966
347,12,1999
347,13,1968
347,14,1962
347,15,2106
347,16,1993
347,17,2023
347,18,8054
347,19,8120
347,20,8128
347,21,7940
347,22,2005
347,23,1884
348,0,2099
348,1,2062
348,2,2019
348,3,2038
348,4,2162
348,5,1944
348,6,1985
348,7,1976
348,8,1970
348,9,1908
348,10,2033
348,11,1964
348,12,1929
348,13,2026
348,14,2064
348,15,1973
348,16,2017
348,17,2050
348,18,7961
348,19,8183
348,20,7949
348,21,7999
348,22,1974
348,23,2019
349,0,1937
349,1,1981
349,2,2078
349,3,2046
349,4,2002
349,5,1996
349,6,2026
349,7,1981
349,8,1995
349,9,2024
349,10,1966
349,11,2032
349,12,1989
349,13,2000
349,14,1961
349,15,2030
349,16,2023
349,17,1989
349,18,7984
349,19,7812
349,20,8020
349,21,8287
349,22,2066
349,23,1967
350,0,1991
350,1,1986
350,2,2018
350,3,2019
350,4,1989
350,5,2005
350,6,2000
350,7,2024
350,8,1982
350,9,2019
350,10,1970
350,11,2057
350,12,1940
350,13,2021
350,14,2055
350,15,1991
350,16,1986
350,17,2067
350,18,8105
350,19,7925
350,20,7971
350,21,7971
350,22,1913
350,23,2036
351,0,2030
351,1,1943
351,2,2035
351,3,1984
351,4,1990
351,5,1934
351,6,2011
351,7,1980
351,8,1958
351,9,1942
351,10,2084
351,11,2081
351,12,1977
351,13,2027
351,14,2080
351,15,2028
351,16,1954
351,17,2001
351,18,7916
351,19,7977
351,20,7894
351,21,8045
351,22,1938
351,23,2017
352,0,2067
352,1,1897
352,2,1914
352,3,1989
352,4,1951
352,5,1979
352,6,1991
352,7,2088
352,8,1932
352,9,2001
352,10,1960
352,11,2079
352,12,1934
352,13,2041
352,14,1944
352,15,2010
352,16,2021
352,17,1935
352,18,8159
352,19,8025
352,20,7990
352,21,7962
352,22,2000
352,23,2005
353,0,1982
353,1,1970
353,2,2007
353,3,1948
353,4,2048
353,5,2083
353,6,1964
353,7,1984
353,8,1974
353,9,1970
353,10,2073
353,11,2024
353,12,1941
353,13,1972
353,14,2003
353,15,1936
353,16,2114
353,17,1973
353,18,7884
353,19,8037
353,20,8013
353,21,8086
353,22,1916
353,23,2032
354,0,1964
354,1,1954
354,2,2003
354,3,2029
354,4,2048
354,5,2077
354,6,2045
354,7,1956
354,8,2005
354,9,1953
354,10,2005
354,11,2057
354,12,1991
354,13,1990
354,14,2018
354,15,2001
354,16,2058
354,17,2016
354,18,7946
354,19,8001
354,20,7905
354,21,7964
354,22,1978
354,23,2030
355,0,2003
355,1,2074
355,2,2024
355,3,2005
355,4,2055
355,5,2105
355,6,2043
355,7,1976
355,8,1946
355,9,2055
355,10,1947
355,11,1988
355,12,1952
355,13,2074
355,14,2020
355,15,1890
355,16,1987
355,17,2078
355,18,7784
355,19,7979
355,20,8025
355,21,8057
355,22,2017
355,23,2059
356,0,2043
356,1,2103
356,2,2000
356,3,1978
356,4,2036
356,5,2032
356,6,1975
356,7,2066
356,8,2047
356,9,1961
356,10,1985
356,11,1997
356,12,1987
356,13,1920
356,14,1927
356,15,2012
356,16,2001
356,17,2010
356,18,8104
356,19,8085
356,20,7912
356,21,7915
356,22,1861
356,23,1921
357,0,2047
357,1,2032
357,2,1977
357,3,2031
357,4,1979
357,5,2113
357,6,2038
357,7,1978
357,8,2028
357,9,2038
357,10,1971
357,11,2011
357,12,2068
357,13,2058
357,14,1993
357,15,1989
357,16,2066
357,17,1941
357,18,8080
357,19,7961
357,20,8060
357,21,8018
357,22,2039
357,23,1946
358,0,2001
358,1,2009
358,2,2001
358,3,2004
358,4,1971
358,5,1955
358,6,2080
358,7,2060
358,8,1999
358,9,1983
358,10,2089
358,11,1977
358,12,1994
358,13,1993
358,14,2028
358,15,2002
358,16,1950
358,17,1963
358,18,8164
358,19,7912
358,20,7970
358,21,7985
358,22,2008
358,23,1922
359,0,1966
359,1,1979
359,2,2029
359,3,2053
359,4,2062
359,5,1987
359,6,1944
359,7,1976
359,8,1948
359,9,1972
359,10,1979
359,11,1963
359,12,2001
359,13,2045
359,14,1988
359,15,2064
359,16,1990
359,17,1951
359,18,8034
359,19,7963
359,20,8086
359,21,8012
359,22,2024
359,23,2052
360,0,1961
360,1,2066
360,2,1989
360,3,2032
360,4,2014
360,5,2080
360,6,2041
360,7,1980
360,8,1899
360,9,1998
360,10,1971
360,11,2081
360,12,1934
360,13,2014
360,14,2063
360,15,2012
360,16,2061
360,17,2084
360,18,8051
360,19,8066
360,20,7961
360,21,7893
360,22,1977
360,23,1983
361,0,1924
361,1,1998
361,2,2052
361,3,2038
361,4,2008
361,5,1980
361,6,2029
361,7,2034
361,8,1926
361,9,2049
361,10,2009
361,11,2034
361,12,1950
361,13,1976
361,14,2030
361,15,1958
361,16,2006
361,17,2066
361,18,8050
361,19,7804
361,20,8067
361,21,8027
361,22,2042
361,23,2038
362,0,1971
362,1,1955
362,2,1954
362,3,2024
362,4,1989
362,5,2073
362,6,1988
362,7,1956
362,8,1988
362,9,1965
362,10,2004
362,11,2025
362,12,1937
362,13,2011
362,14,1973
362,15,2025
362,16,2004
362,17,1993
362,18,8115
362,19,8302
362,20,8026
362,21,7994
362,22,1952
362,23,2057
363,0,2021
363,1,1958
363,2,2026
363,3,2052
363,4,2015
363,5,1931
363,6,1994
363,7,2050
363,8,1912
363,9,1888
363,10,2029
363,11,2019
363,12,1967
363,13,2024
363,14,1979
363,15,1986
363,16,1921
363,17,1977
363,18,7991
363,19,7975
363,20,8150
363,21,8010
363,22,1999
363,23,1969
364,0,1941
364,1,2037
364,2,2000
364,3,2000
364,4,1986
364,5,2004
364,6,2028
364,7,1989
364,8,2005
364,9,2064
364,10,2067
364,11,2123
364,12,1902
364,13,1960
364,14,2019
364,15,2067
364,16,1977
364,17,1986
364,18,8072
364,19,8122
364,20,8056
364,21,7972
364,22,1977
364,23,1929
